text,timestamp
man earth part 1 httpsyoutu.beg5fjr658cqs,2026-01-18 14:54:37.822250
kid mutt,2026-01-18 14:54:37.822259
please make series make sequel movie,2026-01-18 14:54:37.822264
99 christian exactly philip basement.,2026-01-18 14:54:37.822268
"watched first one, wonderful but one come nowhere near it. plus hated students, claimed love professor even said wanted learn but no problem stalking him, invade home, belonging impose forcibly life. not one person decency point none anyone right thing him? kid fake called ambulance instead duck taped poor guy chair felt belief challenged worst all. yes young felt strongly faith but quickly betray core faith. action proved humanity still undeserving greatness miracles. history proves, every time humanity given something divine, miraculous amazing, instead trying understand feel fortunate enough witness it, decided vilify it, torture crush till gone destroyed. add insult injury go say want believe. professor said angry wanted oldman, but reality acted way student stabbed oldman, albeit less drastic way. couldnt admit action ruined career. kind real friend, would never tried friend, especially oldman already explained friend needed move difficult life various reasons. instead empathising even marveling possibility meeting person, response oldman, ridiculous evil him. tried profit olmans secret purposely put target oldmans back but didnt think would backfire destroy career, resulting becoming bitter old man. least, would liked seen four student pay did, see realisation part cruel nothing short selfish whether oldman thought not, came upon something incredible, destroyed never come close again. least, might given something film. first film various character thoughts, feeling deal learned friend. im not sure anyone watched show called forever, brilliant show refreshing intelligent new take someone discovering immortal trying figure even possible. show making something completely new intriguing but like thought provoking shows, got axed became hooked. yes, fact show called forever got cancelled soon after, isnt lost me. no 3 man earth story, feel creator forever one could real justice.",2026-01-18 14:54:37.822272
hmmm... ending scene fbi agent bwas really weird messed up! whole part 2 felt like highjacking part 1!,2026-01-18 14:54:37.822276
guy look like jim carrey!,2026-01-18 14:54:37.822279
perfect sequel.,2026-01-18 14:54:37.822283
philip john tape chair basement? right? john get stabbed knife? dont think thats knife would use anything.,2026-01-18 14:54:37.822286
think immortal serial killer one wen see jenkins,2026-01-18 14:54:37.822290
painful watch,2026-01-18 14:54:37.822293
year 2026. still year go third part,2026-01-18 14:54:37.822296
didnt know mark webber acted!,2026-01-18 14:54:37.822301
"first movie great. sequel poor attempt cashing original. poor writing, poor acting dreadful ending.",2026-01-18 14:54:37.822304
total trash,2026-01-18 14:54:37.822308
first film masterpiece! love it. italian version this? least subtitles? grazie,2026-01-18 14:54:37.822311
nabi idris ga sih,2026-01-18 14:54:37.822315
. . . . . . . . . . . . . . . . . . . . . . . . . .,2026-01-18 14:54:37.822320
"pretty poor, that.",2026-01-18 14:54:37.822324
first movie absolute masterpiece. second part big downgrade shouldnt come first place,2026-01-18 14:54:37.822328
"fun fact, bottle whiskey 1960 wouldnt go bad stored cupboard quality doesnt improve time bottle.",2026-01-18 14:54:37.822331
keep getting crucified whenever people find secret he trying escape live life. no wonder hide,2026-01-18 14:54:37.822334
"how, how? im fresh watching first part not believe bad is.",2026-01-18 14:54:37.822338
"looking first movie ended watching entire movie accident. imagine confusion. fortunately, found first one after.",2026-01-18 14:54:37.822341
"lmao, movie bad compared first one. still, entertaining",2026-01-18 14:54:37.822346
liko busta.,2026-01-18 14:54:37.822350
wish theyd make tv series based story told first movie.,2026-01-18 14:54:37.822355
"first movie great, but sequel destroyed rabid christians. usual approach jesus movie sit back, laugh, enjoy bad acting cheap sets. couldnt one kept remembering first one, was, large part, monologue additional character time time. oh well, there aways ten commandents next rainy day.",2026-01-18 14:54:37.822359
hunch but 2027 next movie.. 2007 part 1 2017 part 2 2027 part 3?,2026-01-18 14:54:37.822362
im waiting part 3 year 2027,2026-01-18 14:54:37.822367
philip right! john antichrist. true. john must kill philip keep secret,2026-01-18 14:54:37.822371
"story writer take role character live it. scenario good time name discovered book, writer imagination failed began flounder randomly end story. decision go wilderness good one, thats exactly would done place. but short moment could prolonged everyone following something happening, like getting lost wilderness. could showcased survival skill interesting discussion around campfire. first part inspiring. envisioned many enjoyable parts, dont think id want watch episode might ruin ive already seen. author, given first part contained truth, would made second part showcase man ability expertise hiding, escaping, conversing, dodging, talking, surviving, on.",2026-01-18 14:54:37.822376
"sequel never needed yet,",2026-01-18 14:54:37.822380
"really liked first movie, part 2 watch like porn without sex...",2026-01-18 14:54:37.822384
"people must admit no god anything like exist replica anything ,like bible replica book like",2026-01-18 14:54:37.822387
jesus also fake one like god claim,2026-01-18 14:54:37.822391
hm,2026-01-18 14:54:37.822394
fk,2026-01-18 14:54:37.822397
"shoudnnt ending, first great, believe last one mean one, made around breaking religions, making human realize not religion humanity, kindness, equlibrium bw human nature.",2026-01-18 14:54:37.822400
dissapointing... havent seen end yet but feel like attempt sequel...,2026-01-18 14:54:37.822403
think shouldnt made part 2. effect original movie.,2026-01-18 14:54:37.822407
,2026-01-18 14:54:37.822431
"1730 favourite scene whole movie. metaphor nothing lasting forever, warm humour, john friend not clue took friend name vain",2026-01-18 14:54:37.822433
wild bad comparatively. im halfway sad,2026-01-18 14:54:37.822436
god damn no way good compariosn part 1,2026-01-18 14:54:37.822438
"tara true 49er. shes 4, but think shes 9.",2026-01-18 14:54:37.822440
first movie still best,2026-01-18 14:54:37.822441
four student anti christ.,2026-01-18 14:54:37.822443
student insufferable movie. whoever wrote shit clearly didnt understand first movie made great,2026-01-18 14:54:37.822445
stay radar. work university,2026-01-18 14:54:37.822447
"hasnt aged 14,000 years, but aged quite bit last 10 years.",2026-01-18 14:54:37.822449
"movie isnt immortal caveman, jesus, mortal captain planet no power create interesting universe, remove interesting thing brilliant",2026-01-18 14:54:37.822450
"david lee smith understated performance, melancholic expression, brooding silence really get mood right portraying. something tragic lonely man living forever nail it. compelling story. loved first movie. always get story like pit stomach",2026-01-18 14:54:37.822452
could better,2026-01-18 14:54:37.822454
monotheism root evil done name religion world.,2026-01-18 14:54:37.822456
,2026-01-18 14:54:37.822458
,2026-01-18 14:54:37.822460
please let run campaign part 3 released 2027!!!,2026-01-18 14:54:37.822462
"doctor jenkins, art , next victim.",2026-01-18 14:54:37.822464
arruinaron la escencia,2026-01-18 14:54:37.822465
"something definitely wrong students, christian student",2026-01-18 14:54:37.822467
guy thee post credit scene 13904,2026-01-18 14:54:37.822469
ruined... part 1 brilliance,2026-01-18 14:54:37.822471
good movie though,2026-01-18 14:54:37.822473
exposed? movie show selfish humanity is.,2026-01-18 14:54:37.822474
"1745, flying f shoot 75 year old scotch???????",2026-01-18 14:54:37.822476
like useless conversation web show pas time,2026-01-18 14:54:37.822478
shade edith! christian fundamentalist always biggest problem dealing things? jesus christ no pun intended.,2026-01-18 14:54:37.822480
ti con nt ranh vo p2 ny c v nh din sai lm chng n lm hng p2 ny ri,2026-01-18 14:54:37.822482
hell shit,2026-01-18 14:54:37.822484
second part almost came 10 year john change location every 10 year,2026-01-18 14:54:37.822486
"loved first film, but second one terrible.....",2026-01-18 14:54:37.822487
"man ruin legacy first one , completely ruined first one amazing idea , amazing acting , amazing ending left",2026-01-18 14:54:37.822489
"first movie made genius storyteller, articulated confidence. stupidity thats another kind confidence.",2026-01-18 14:54:37.822491
"currently 2809 , reason part not like near 25002800 no basis attach prof young prof old not good start part 1 3200 3400 . 3700 bunch teenager go house young started searching like disturbed major flaw part 1",2026-01-18 14:54:37.822493
waiting part 3 2027 !!!! please like comment wanna support wait,2026-01-18 14:54:37.822494
seems movie goal discredit christianity script written lucifer,2026-01-18 14:54:37.822496
honestly disappointing,2026-01-18 14:54:37.822499
"proof humanity not ready hear bible religious book fary tell, create heaven earth but love lied",2026-01-18 14:54:37.822500
"movie crap compared first movie. college kid movie annoying, irresponsible acting terrible. first movie masterpiece. this?",2026-01-18 14:54:37.822502
kid truly crazy.,2026-01-18 14:54:37.822504
waiting part 3 2027,2026-01-18 14:54:37.822506
original thought provoking. pile teenage waistland crap.,2026-01-18 14:54:37.822507
"sorry, but dumbest piece shit ive ever seen.",2026-01-18 14:54:37.822509
"first one much better , one throe everything first one did, mystery, wonder true history john alive 14000 year last decade done know going die, end era come on... screw good plot, sake plot twist.... good tale thrown away, know go back time prequel. cause fucked up...",2026-01-18 14:54:37.822511
masterpiece,2026-01-18 14:54:37.822512
"sequal doesnt deserve part masterpiece,,, first part based idea , knowledge, curiosity, knowing , among knowledgeable people...those cast member know acting ...but seeing bunch college students.. asking stupid questions..and expressionless acting ..i disappointed man ..",2026-01-18 14:54:37.822514
"one stupid sequel, no coment",2026-01-18 14:54:37.822516
feel like im watching porn,2026-01-18 14:54:37.822518
,2026-01-18 14:54:37.822520
,2026-01-18 14:54:37.822521
,2026-01-18 14:54:37.822523
"awful pivot away original. discovered movie 3 hour ago watched back back. supporting character braindead caricature made stupid useless change john character. first movie magical character hyperintelligent unique personalities, offering interesting individualized perspective john. first movie genuinely one greatest thing ive ever seen. feel like written single weekend someone saw original movie, didnt understand it, decade later paid make sequal based memory alone.",2026-01-18 14:54:37.822525
actual hell whole philip part end? actual brain melting writing.,2026-01-18 14:54:37.822527
sidhhartha gautam indian nepal told ? make make sense,2026-01-18 14:54:37.822529
true story .... prophets. saint,2026-01-18 14:54:37.822531
"previously raved man earth possibly best film ever seen. man earth halocene mediocre, best. former philosophical introspective, socalled sequel preachy sophomoric. et cetera...",2026-01-18 14:54:37.822533
hallmark movie atheist,2026-01-18 14:54:37.822534
turn he immortal serial killer? lololol,2026-01-18 14:54:37.822536
empowerment godly people,2026-01-18 14:54:37.822538
,2026-01-18 14:54:37.822540
"im wondering 1st movie , told friend secret. wonder act alone made start age. would explain starting age since time 10 year",2026-01-18 14:54:37.822541
blecchhh!,2026-01-18 14:54:37.822543
didnt high hope sequel first really good good there,2026-01-18 14:54:37.822545
"found nitpicking pretty much start, watched two back back. going im not healing fast. entirely retconned part made first tantalizing. wasnt healing speed, didnt scar. whole student think he hot thing weird feel like anime, descent already questionable student thing first movie. im also confounded student connecting dot blinding pace seemingly disregarding consequence like tresspassing, shouldnt let scotfree. plus course many loose end left without satisfying closure, stark contrast neat bowtie first, still left thing ambiguous. plus course student reading like three book day entirely break semblance suspension disbelief. think there solid idea movie, student figuring thing could make good premise done course semester, though think religion bit laid awfully thick point counterintuitively almost felt preachy. fbi bit end really could half movie satisfying payoff, but instead cheap setup third movie.",2026-01-18 14:54:37.822547
well... definitely full hollow scenes.,2026-01-18 14:54:37.822549
"haha, cant wait 2027",2026-01-18 14:54:37.822550
cop come life im sure million criminal thought.,2026-01-18 14:54:37.822552
"doesnt make sense would leave van go behind? would suck lose gift long lost friend, but thousand year get back, would leave it. would rationalize friend would want not end lab somewhere guinea pig.",2026-01-18 14:54:37.822554
okay cool director. 1st movie gaindd following due mystery way john never truly answered questions. one take many unnecessary plots. but sadly part story. way could see working third movie never happen maybe instead aging start become younger. another commentor said fbi agent could possible immortal john met. could cat mouse game maybe. sequel really delve faster healing well. first one never suggested also suggested learned slow body such. not heal within week stabbed gut.,2026-01-18 14:54:37.822556
wow might worse sequel.,2026-01-18 14:54:37.822558
worf!!!!!l,2026-01-18 14:54:37.822560
"feel nothing like original, lost thing made original good. even script feel poorly written comparison",2026-01-18 14:54:37.822562
blonde college girl fucking fine im not even focused plot john would folded,2026-01-18 14:54:37.822563
"take amazing movie, make complete dogshit sequel. fucking embarrassing",2026-01-18 14:54:37.822565
"simply not good original one. honestly fact first one good heavy lifting making sequel decent. perhaps different writer studio demand behind fails capture original. whatever case clearly missed made first one interesting. focus suppose man. not students. not coworkers past present. not religious aspect. man. single place. without top theatrics. conversation someone wise seeing much yet also humble admit also know little. edit add final scene credit want film. honest, simple conversation open minded people one location. mid credit scene happens stunned tone deaf is. clearly whomever wrote scene particular not get concept people loved first one all. frankly hope third film made scene ignored, erased never brought beyond go opposite direction it.",2026-01-18 14:54:37.822567
10522 lens shot on? bokeh ball shape im not used to.,2026-01-18 14:54:37.822569
lot star trek people movie,2026-01-18 14:54:37.822570
boy john aged,2026-01-18 14:54:37.822572
even whiskey spoils!,2026-01-18 14:54:37.822574
"single compelling part movie me, shadowcovered fbi agent end, questions. could whole movie faceless federal agent recanting exploit via question random witness old new character left wonder john, another immortal. ....in 1983, man matching description killed compound full follower waco, texas, think he capa... ....in 1969, man matching description robbed museum stole old photographs.... ...in 2010, man matching description set fire security camera saving life convenience store clerk. . would that?",2026-01-18 14:54:37.822576
"kept waiting john outwit kid one question, like tom hank green mile stand god. tell him... killed one gifts? thought job?!",2026-01-18 14:54:37.822578
kid pissed much.,2026-01-18 14:54:37.822579
"try, but hard unsee feminization hollywood. two movie after. 1.all woman smart bos babe men bumbling idiots. aside john, not one capable man story. even killer church boy couldnt competently stab devil tied chair. everything favor righteousness, time, motivation, even stationary target messed up, like fool. 2.all woman belowhollywoodlevel attractive men feminine. unlike now, past actress usually exceptionally beautiful unless role call purposely unattractive, like misery. world tia carrera cameron diaz exists, best looking diverse girl could find? churchboy couldnt chiseled jaw, like churchboyfootball player american pie todd breaking bad? john second girlfriend chunky, but first girl artsy, waif professorhollywood archetype. realistic part movie damaged college girl attempted s3xully assault john, thought attractive actually was. ive seen woman build try make not conventionally attractive overtly aggressive. part believable. unbelievable that, rejection, didnt make victimassault story cover mistake. fact, normalized, soon ran away shame tear 90 sure going make false accusation move plot direction. surprised moral backbone override ego. jilted girl, common scenario workplaces, probably schools, too.",2026-01-18 14:54:37.822581
"reading comment think movie potential fantastic sequel. however storyline mr boat, script whack. steven seagal keanu reef xmen type shoot em brain dead action script, something little smart intelligent scifi. following religious storyline think fall flat beat dead donkey first one. first one revelation movie discovery. really could kept revelation going. maybe even made period piece gone back time. yes act look old but youre like beard no problem. many interesting possibility but pander religious nuts. shame. really could got mind character 2 mean lived 14,000 year maybe want die. made mortal suppose gonna kill thats end that. shame.",2026-01-18 14:54:37.822583
loved first one one hard watch,2026-01-18 14:54:37.822585
many people seeing clip first movie watching this?,2026-01-18 14:54:37.822587
5111 hate kids.,2026-01-18 14:54:37.822588
"yup, quick browse comment figured, better keep mystery.",2026-01-18 14:54:37.822590
broo john shoulda smahhhh dat bihhh god nem,2026-01-18 14:54:37.822592
10 year gap movie awsome lol but gonna handle aging. squared 10 year but dont think 10,2026-01-18 14:54:37.822594
much better thought would,2026-01-18 14:54:37.822596
jesus freak always going deep end,2026-01-18 14:54:37.822598
collage student made painful watch,2026-01-18 14:54:37.822600
talmudic propaganda,2026-01-18 14:54:37.822601
"lol better buying motor cycle taking student, glad im not one thought off. got confirmation movie itself. edit oh shit wrote book talkin bout. wonder mention buying motor cycle riding student. reedit havent laughed hard ages, movie master piece rereedit phillip literally shayne topp character crime portion",2026-01-18 14:54:37.822603
"bad director cant seem let good story good ending alone, try extend either abandon fail understand first one good.",2026-01-18 14:54:37.822605
glad kept original cast. not sure jesus character. aged much,2026-01-18 14:54:37.822606
"pig underrated pets, super smart, super friendly actually clean trainable",2026-01-18 14:54:37.822608
kid pretty stupid lol,2026-01-18 14:54:37.822610
single aggravating movie ive seen 10 year spectacularly terrible,2026-01-18 14:54:37.822612
fuck hunk shit? first one great.,2026-01-18 14:54:37.822613
skipping movie much watched like 30 min it. wtf ending. john anvenger now? also he dying saw child die. thats it. ever see one child die. no. foreshadowed end 1.,2026-01-18 14:54:37.822615
look like phil modern family lol,2026-01-18 14:54:37.822617
"movie isnt good first one, but still decent. however, worst trend history cinema college kid joke every single thing happens glad trend pretty much over. no one, history, ever talked like that.",2026-01-18 14:54:37.822619
veteran actor kid seem acting first time life. kid acting literally painful,2026-01-18 14:54:37.822620
5120 begin talking god head say son god literally next word say im not saying he son god cant mistaken signs. relationship god amazingly awesome. love,2026-01-18 14:54:37.822622
cant wait another one 2027.,2026-01-18 14:54:37.822624
"was..... disappointing say least, not expecting sequel all... writing first movie absent",2026-01-18 14:54:37.822626
"well, movie took unexpectedly dark twist.",2026-01-18 14:54:37.822628
"yeah nah, saw first one accident 611 done already",2026-01-18 14:54:37.822629
remember john said met guy like past said would keep touch...he said thought saw but missed him. next part provide closure but ride end worth it!!!,2026-01-18 14:54:37.822631
movie much worse... unlucky,2026-01-18 14:54:37.822633
butcher first one..,2026-01-18 14:54:37.822634
construction dialogue first movie smart. thoughtful answer followed logically derived questions. second movie scenario amateur acting little thought development. hard pass. admitted waste time. nap would valuable.,2026-01-18 14:54:37.822636
"pathetic. man purportedly life 14000 years, yet whole life reduced one middle eastern fairytale not 2000 year old, probably got written middle age anyway. pathetic. whole scope humanity reduced one fiction.",2026-01-18 14:54:37.822638
ad make unwatchable,2026-01-18 14:54:37.822639
po sequel.,2026-01-18 14:54:37.822641
khatra aise hi young aur rafical maa bap se hai fesh ko,2026-01-18 14:54:37.822643
"actually like it. not bad like comment says. worrying young actors, but good characters, auch shame isnt part3 end story line end part2.",2026-01-18 14:54:37.822644
"wish sequel actor david lee smith , tv series. knew movie late. but impossible cause dlsmith would old continue story line here. director lucky actually find actor actually almost didnt age 10years.",2026-01-18 14:54:37.822646
strange ending. seems though better ending would visit harrys dad. not credit scene like something marvel movie.,2026-01-18 14:54:37.822648
"watching first movie, kept engaged entire duration it. even though didnt action, anything besides people room. one however, annoying watch. kid brain capacity squirrels. discussion brainrotted. conclusion stupid. atleast one student shouldve brought scientific approach but non did. not even good acting yo",2026-01-18 14:54:37.822649
garbage acc shat first movie this.,2026-01-18 14:54:37.822651
first one good enough. one bad cinema.,2026-01-18 14:54:37.822653
agree blonde fbi agent end christian kid tried kill ? checked hair line same.,2026-01-18 14:54:37.822655
"hit pause blink watching first one, fast forward second 2x speed",2026-01-18 14:54:37.822656
"people pissy sequel? people whining attitude boomer critizing star war prequels. let nostalgia cloud critical thinking. story change evolve time, experience never replicated again, time is!! chaos change! different story! appreciate stop getting mad want watch thing over. human uncomfortable change want control can, order prevent suffering. still keep spirit theme alive. shame didnt funding keep going make grandiose story implying going be.",2026-01-18 14:54:37.822658
"1 ,2 .. .",2026-01-18 14:54:37.822660
"first movie genius script thought provoking , second pissed first , third highlander mlvie !? j hope not",2026-01-18 14:54:37.822661
"could made way better , movie kinda suck .... big time , dude survived 14 k cook rent girl ? nah sci fi definitely",2026-01-18 14:54:37.822663
2100 cooking girlfriend instead going drink mate beginning end,2026-01-18 14:54:37.822665
13050 look younger guy who supposed live forever,2026-01-18 14:54:37.822667
probably dumbest part 2 ive ever seen....... come guy really? literal gold mine hands.,2026-01-18 14:54:37.822668
brutto film il seguito,2026-01-18 14:54:37.822670
whole fcked masterpiece,2026-01-18 14:54:37.822672
"jiji, still watch. feling bit old guess hehe, hug frae scotland alexander john murray",2026-01-18 14:54:37.822674
"watched man earth holocene back back. first movie masterpiece praise give less, sequel even doesnt reached beauty original felt like story going correct direction showing consequence telling secret other, making connection different life lives. story premise movie extremely rich execution first commendable sequel fell felt face. like philosophical movie one must watch, future sequel, movie but premise get diluted genres. personally, would love see prequel john immortal meet would great, john aspect philosophical nature human instinctive human based end credit",2026-01-18 14:54:37.822675
"trash. bad writing regurgitating previously done concept worse version. 1st one okay ... make masterpiece wasnt, nice concept wrapped bunch drivel saved end son died.",2026-01-18 14:54:37.822677
"best sequel could plot professor oldman meet person mentioned part 1 similar like thousand year old saw train station but lost crowd. imagine discussing sharing length information regarding history, religion, cults, extra terrestrial contact ancient tribes, invention time travel machine nazi time, secret experiment different country not. once, imagine guy played none keanu reaves. end, keanu reaves say per knowledge, total 5 people including even older two somewhere world. story would ended embark journey find remaining 3 people. immature cringe acting kid extent spoilt whole seriousness movie.",2026-01-18 14:54:37.822679
"dog sht desecration jerome bixbys ouevre sequel supposed be. shame successor led memorialize nonsense was. no structure, weird segues, half baked jab introspective question original screenplay raised. please go familiarize legacy work jerome bixby.",2026-01-18 14:54:37.822680
imo man earth spinoff comic book,2026-01-18 14:54:37.822682
pitiful.,2026-01-18 14:54:37.822684
1,2026-01-18 14:54:37.822685
"comment section interesting, say least. not interesting see people mind go back inside box soon subject require take path thanking, exploration questioning, frightened destroy paradise created themselves, risking everything way, sacrificing important quest life get truth.",2026-01-18 14:54:37.822687
"kid terrible people, self righteous religious zealots. always wary someone need supreme creator universe tell decent human being.",2026-01-18 14:54:37.822689
"unbelievable. youve club cab pickup, dont go back regular cab.",2026-01-18 14:54:37.822691
really couldve better. but first one great.,2026-01-18 14:54:37.822692
stupid christian boy going hell wonder believer like whole faith made,2026-01-18 14:54:37.822694
think guy end immortal met but he serial killer im assuming something,2026-01-18 14:54:37.822696
horrible... but watched guess creator got watch time,2026-01-18 14:54:37.822697
"best film hadnt saw, now. great sequence underrated. come 2027",2026-01-18 14:54:37.822699
thr second movie deems like parody sequel 1st part lol needed screentime john not bunch whinng little kid,2026-01-18 14:54:37.822702
n tem legendado???,2026-01-18 14:54:37.822703
whole movie could john tied chair interrogated student would better close first one style,2026-01-18 14:54:37.822705
could cain but forgot,2026-01-18 14:54:37.822707
im willing bet one girl didnt help spread word thing probably coulda convinced talk but said like crapnits happening yet another crusade,2026-01-18 14:54:37.822709
"first movie genius, pure gold, maybe jerome bixby cromagnon century hone writing skill emerson regular human chef dentist.",2026-01-18 14:54:37.822710
"like first movie one best movie ive ever seen, one worst movie ive ever seen. bad writing, bad acting, entirely losing plot first movie, overall backtracking thing made first movie great. movie like shawshank redemption made sequel andy go become murderer escaping sentenced receive death penalty, basically destroying everything built first movie. literally jaw floor dawned movie ended poorly written nonsensical manner. 110",2026-01-18 14:54:37.822712
last stupid but need part three,2026-01-18 14:54:37.822714
would suck live 14k years. imagine witnessing horror mankind. death ultimate reset life.,2026-01-18 14:54:37.822716
let ending.but anything possible eh.,2026-01-18 14:54:37.822718
fck,2026-01-18 14:54:37.822720
"took science fiction concept john character made bullshit straight vod flick. imovie as transitions, worst camera work youve ever seen life. sound design deaf person. camera work blind person. wow!! love movie shitty much tho",2026-01-18 14:54:37.822722
omg comedically bad,2026-01-18 14:54:37.822723
got hyped hearing sequel. 2min completely garbage but thisll good movie watch shit friend,2026-01-18 14:54:37.822725
"first movie 1010, second movie one 210",2026-01-18 14:54:37.822727
look like he going case xfiles now!,2026-01-18 14:54:37.822729
thats thats ends? dumbass sequel,2026-01-18 14:54:37.822730
waste...,2026-01-18 14:54:37.822732
student reenforced dislike teenager young adult,2026-01-18 14:54:37.822734
"11.11.2024 sadly, screenwriter go ending suggests young caucasian christian college student grows become j.edgar hoover gman serial killer rage not finding real jesus christ. waanhwaanh.. original better didnt try solve mystery.",2026-01-18 14:54:37.822735
ruining ? anyway... cant wait watch 3rd part 2027,2026-01-18 14:54:37.822737
dont read comment watch it. pretty good.,2026-01-18 14:54:37.822739
altsimo mierdon,2026-01-18 14:54:37.822741
2027 please.,2026-01-18 14:54:37.822742
"not good original, but worth watch companion piece. made tv series pilot initially, thats bit structured differently. original 9 10 me, 7 but seen original . standalone really isnt , id rate little lower 6.",2026-01-18 14:54:37.822743
id love see third movie,2026-01-18 14:54:37.822745
still looked good age hate still like movie hoping part 3,2026-01-18 14:54:37.822746
men black end other???,2026-01-18 14:54:37.822748
"gusto mucho, e una buena secuela, ojal hagan la tercera",2026-01-18 14:54:37.822749
"first movie, john mentioned someone immortal like him. maybe guy serial killer mentioned part.",2026-01-18 14:54:37.822751
part3????,2026-01-18 14:54:37.822752
nothing like first part,2026-01-18 14:54:37.822754
"reading comments, im not going waste time watching it.",2026-01-18 14:54:37.822755
didnt like ending all. didnt give kind closure anything anyone...,2026-01-18 14:54:37.822756
lol comment likedislikeratio dont match,2026-01-18 14:54:37.822758
gonna leave cliff hanger like,2026-01-18 14:54:37.822759
,2026-01-18 14:54:37.822761
"4556. picked plastic way back mountains.. good message, fit story kind man was.. caring people .. caring earth... made real. kudos writers.",2026-01-18 14:54:37.822762
way ended pissed,2026-01-18 14:54:37.822764
en franais svp,2026-01-18 14:54:37.822765
shame mixed disappointed,2026-01-18 14:54:37.822767
mind blowing sense,2026-01-18 14:54:37.822769
think...the actor mature good actor ! not noobs . spoiled whole mood first part got !,2026-01-18 14:54:37.822770
"fuk, disappointed",2026-01-18 14:54:37.822772
"please dont watch this, not worth expectation. literal waste watching part1",2026-01-18 14:54:37.822773
first movie really good. but b class crap,2026-01-18 14:54:37.822775
become follower good but blind follower bullshit. religion doesnt make blind priest that.,2026-01-18 14:54:37.822776
isbthere third one?,2026-01-18 14:54:37.822777
isnt funny hollywood producing movie advertisement like last 60 years. leave jbirds.,2026-01-18 14:54:37.822779
u notice van gohh last scene john fabricated identy body found 1 year ago doctor,2026-01-18 14:54:37.822780
"first movie entirely shot single room, still hold everyone end, however doesnt even come close that.",2026-01-18 14:54:37.822781
second movie not bad,2026-01-18 14:54:37.822783
"shame, doesnt come close original movie. waste time!! could degrade piece art much original was, putting typical student without logical sense sex heads!!",2026-01-18 14:54:37.822784
"ok, 4 jesus",2026-01-18 14:54:37.822786
"perfect depiction brain damage religion inflicts people, lol.",2026-01-18 14:54:37.822787
first part kept thinking week wen first watched it....such underrated movie true cult masterpiece....,2026-01-18 14:54:37.822789
"please unpublish movie internet , insult part 1",2026-01-18 14:54:37.822790
perdi su esencia no e como la primera parte,2026-01-18 14:54:37.822792
third sequel come 2027.,2026-01-18 14:54:37.822793
excellent thank,2026-01-18 14:54:37.822794
"four student like believer days, care teacher",2026-01-18 14:54:37.822796
"different first one, but not worst movie ive watched. felt like ended way abruptly tho",2026-01-18 14:54:37.822797
wife person left end movie?,2026-01-18 14:54:37.822798
"damn, bad movie",2026-01-18 14:54:37.822800
"see lot people comment talking not good first, but point think well enough everyone agree man earth far greatest film ever seen, holocene pretty good movie.",2026-01-18 14:54:37.822801
"comparando com primeiro, na minha opinio perdeu essncia, simplicidade e papo cabea que tinha no primeiro no existe nessa sequencia. ficou em aberto mais esperado uma sequencia, no teve plot igual primeiro. bem fraco, mais foi bom ver uma continuao, poderia ter uma terceira parte.",2026-01-18 14:54:37.822803
"moment drank whiskey gone bad spell go show nothing last forever.. gosh, line alone killed little depth left teenager segment..",2026-01-18 14:54:37.822804
man wtf ending... like... skip something???,2026-01-18 14:54:37.822806
son said year ago didnt want come back would treated again. great example man stupidity.,2026-01-18 14:54:37.822807
lazy writing,2026-01-18 14:54:37.822809
so...... not blasphemous missing something?,2026-01-18 14:54:37.822810
"well, forgave judash. girl joke savage",2026-01-18 14:54:37.822812
"character jesus not indecisive, regretful, unsure path. felt story would much better told author known jesus wrote.",2026-01-18 14:54:37.822813
people believe want believe,2026-01-18 14:54:37.822814
first movie left thinking. second enhances story human being weakness . not thoughtprovoking,2026-01-18 14:54:37.822816
unbearably bad compared 1st part sad say,2026-01-18 14:54:37.822817
master piece man waiting next one 2027,2026-01-18 14:54:37.822819
religious always refuse accept fact believe mythos story made people,2026-01-18 14:54:37.822821
not great movie. really enjoyed first one spite ridiculous premise. but poorly made.,2026-01-18 14:54:37.822822
director not making more. tf cast? kid extremely irritating!,2026-01-18 14:54:37.822824
"make lot sense would captured, regardless modern day. one place speaking next next....every country would curious scared government would go get",2026-01-18 14:54:37.822825
"coming shorts,",2026-01-18 14:54:37.822826
made damn sequel???,2026-01-18 14:54:37.822828
"enjoyed one, not good first but still enjoyable",2026-01-18 14:54:37.822829
"devil, lollardyism misguided human blasphemy bad pornographic meet lifetime movie soundtrack dulled threnody pleasant, albeit bloated, minutes. thanks.",2026-01-18 14:54:37.822830
dumb kids...thats birth control needed,2026-01-18 14:54:37.822832
philip edith nut,2026-01-18 14:54:37.822833
compared first one terrible god,2026-01-18 14:54:37.822834
nail fact jesus returned wouldnt know wether laugh cry.,2026-01-18 14:54:37.822836
"dont understand student didnt send professor 2 original photos. one partially obscured full side profile. would easily recognisable, especially someone met real life friend him.",2026-01-18 14:54:37.822837
decent sequel like mainstream cinema storytelling but nothing like masterpiece 1st one was....,2026-01-18 14:54:37.822838
thing going smooth. tara designed destined idiot,2026-01-18 14:54:37.822840
"seen man too, africa. 2 year ago, started talking budha stuff.",2026-01-18 14:54:37.822841
seen first movie genuinely changed way live thinking time not time left little but choose hell point movie man lived 14000 year ago thats it?,2026-01-18 14:54:37.822843
well 3 year gona third film,2026-01-18 14:54:37.822844
mean leave guy alone,2026-01-18 14:54:37.822845
yea ok movie sucks. movie already dont great plot but take charm original make mystery thriller bs???,2026-01-18 14:54:37.822847
"first part well done, hard another, but okay one show deal change identity.",2026-01-18 14:54:37.822848
anyone explain ever religious person encounter movie turn lunatic,2026-01-18 14:54:37.822849
3 year next installment,2026-01-18 14:54:37.822851
worf dont look,2026-01-18 14:54:37.822852
movie bad compared first movie. sadly,2026-01-18 14:54:37.822853
....and would gotten away wasnt meddling kids! lmfao,2026-01-18 14:54:37.822855
"125 stupid side note live chico,ca thats 100 not chico history museum.",2026-01-18 14:54:37.822856
movie absolute disaster compared first one really high hope watching first but man miss mark one,2026-01-18 14:54:37.822857
think he wondering jew not jesus make sense not heal fast anymore probably mean second coming christ getting closer,2026-01-18 14:54:37.822859
well nobody said but might well say anyone like long life im happy maybe end meet good luck,2026-01-18 14:54:37.822860
"wth kinda ending that.... stupid religious kid go crazy stab him, end cave six week later?",2026-01-18 14:54:37.822861
"12325 messiah, messiah! monty python life brian reference movie, prequel watched life brian between. think somebody production star trek fan. picked dr phlox john billingsley immediately, but not worf michael dorn credits.",2026-01-18 14:54:37.822863
anyone notice painting?,2026-01-18 14:54:37.822864
sorry didnt even last 10 mintes... person directedmade slaughterd idea first movie. go beyond bad.,2026-01-18 14:54:37.822865
loved first one covered journey history. told lifetime experiences. one focused one life jesus. ok movie but would impossible eclipse original,2026-01-18 14:54:37.822866
"someone tell there review film talk entirely different story? story john outed public, apparently witnessed student suicide decided walk ocean end? would genuinely like know whether crazy different version, author review article high something",2026-01-18 14:54:37.822868
good sequel but could used star trek actor,2026-01-18 14:54:37.822869
movie pretty good. first one absolutely excellent,2026-01-18 14:54:37.822871
personally first muvie way much better watch second part thinking going meet fellow teacher believed end look much older theme,2026-01-18 14:54:37.822872
5550 hot,2026-01-18 14:54:37.822873
not gripping first one 2007,2026-01-18 14:54:37.822876
"dang , disappointing sequel . insipid . sound track suck .",2026-01-18 14:54:37.822877
as comparred first part,2026-01-18 14:54:37.822878
even part 3 this?,2026-01-18 14:54:37.822880
actor played john good job still overall movie wasnt focused around enough felt like soap opera,2026-01-18 14:54:37.822881
14000 year much living 2000 year would great.,2026-01-18 14:54:37.822883
dogshit movie,2026-01-18 14:54:37.822884
hate,2026-01-18 14:54:37.822886
3 year another sequel!!!!! im still healthy,2026-01-18 14:54:37.822887
sequel simply highlander movie,2026-01-18 14:54:37.822888
one bit weak student find out. john able erase id leaf but let jenkins print book not know it?,2026-01-18 14:54:37.822890
"movie disappointment. not watch it, liked first one.",2026-01-18 14:54:37.822891
know not like part 1 .. but sad reality gen z.. frustrate see 4 gen z. but waht is... love john oldman..... inspired write something,2026-01-18 14:54:37.822893
there part2??? cant wait watch,2026-01-18 14:54:37.822894
college student say respect safe use proceeds tase tie up.,2026-01-18 14:54:37.822895
"sequel nobody asked for, movie nobody wanted",2026-01-18 14:54:37.822897
"they, whoever are, turned wonderful philosophical movie escape witch mountain movie.",2026-01-18 14:54:37.822898
2nd movie made money sex coould set cuz sexualize stuff sum reason amr,2026-01-18 14:54:37.822899
pourquoi c pa en franais???? domage,2026-01-18 14:54:37.822901
professor shaman realy thought wouldve name based 2007 movie got big name sequal see man yhey leave cliffhanger lile gonna make third oooo keep going tk introduce existence people tk populace doc lab somewhere not dad hospital cause doc old cant beleave dad alive,2026-01-18 14:54:37.822902
think guy mentioned post credit could man john thought like last saw train station,2026-01-18 14:54:37.822904
"well, actually every muslim knowns prophet dyed hair beard natural dying plant. called henna.",2026-01-18 14:54:37.822905
well movie total shit nothing compared first wish never watched,2026-01-18 14:54:37.822906
thanks warnings. wont watch it. guessed would diappointment.. first scene usual banal self absorbed american teenager .,2026-01-18 14:54:37.822908
"kid stab him, next scene he cave 6 week later wtf ? first movie awesome one ok missing scene pissed off.",2026-01-18 14:54:37.822909
"no no no noooo hell !! sequel not necessary , stupid....what wanna smart, rich fakely smart idiot thought could turn something else... dont need watch crap.",2026-01-18 14:54:37.822911
"student painful watch. feel like people behind sequel didnt quite understand magic first movie. but since damage already done, would watch 3rd installment anyway. left quite cliffhanger end.",2026-01-18 14:54:37.822912
internet never existed john oldman would never found,2026-01-18 14:54:37.822914
bad history,2026-01-18 14:54:37.822915
"hope third one better second one, first one good enough thinking second film suppose litlle bit better that, respect actor not talking than.",2026-01-18 14:54:37.822916
grt movie,2026-01-18 14:54:37.822918
"great movies. course, rightist wont like shake faith fundamental leftist wont like give oriental philosophy inconvenient edge.",2026-01-18 14:54:37.822919
2.4.24 please ! excellent story especially assemble reset next one.,2026-01-18 14:54:37.822920
would loved second one meeting man immortal trying prove story eatch other.,2026-01-18 14:54:37.822922
"actually highlander, one",2026-01-18 14:54:37.822923
wont survive china facial recognition digital id,2026-01-18 14:54:37.822924
ruin first part,2026-01-18 14:54:37.822926
first one little masterpiece good movie,2026-01-18 14:54:37.822927
"think last man fbi second man john described first part, guy similar him.",2026-01-18 14:54:37.822929
well wow loved movie hype release course no doubt straight video bin encase mass find fab,2026-01-18 14:54:37.822930
"thats ending lol. hurting kids, potential serial killer theory. dumb.",2026-01-18 14:54:37.822931
first movie masterpiece but sequel unfortunately not great,2026-01-18 14:54:37.822933
"bullshit,",2026-01-18 14:54:37.822934
"better end first part, guys. dont watch failure.",2026-01-18 14:54:37.822935
worf????????,2026-01-18 14:54:37.822937
"would immortal stay radar digital age? concept, intrigue me. amount fake paper license need get every 10 years. get discovered bunch kid dont mystery machine dog. understand u big country california large state, chance john running someone knew past slim none, but going santa clarita chico 6 hour drive, least cross state line start again.",2026-01-18 14:54:37.822939
waiting trilogi,2026-01-18 14:54:37.822940
wonder there plan 3rd movie 2027?,2026-01-18 14:54:37.822941
though not good first. think illustrates jesus would return not. mean actually looking it. chance jesus bible wouldnt correct hed preach peace love want make heaven here. modern day christianity couldnt accept that.,2026-01-18 14:54:37.822943
movie left flatter wanted.,2026-01-18 14:54:37.822944
first one definitely better. dont need kid b added movie. cheapens it.,2026-01-18 14:54:37.822945
tara hate club assemble,2026-01-18 14:54:37.822947
storytelling much progressive captivating first part.,2026-01-18 14:54:37.822948
wanna unsee shit,2026-01-18 14:54:37.822949
would rather not watch part,2026-01-18 14:54:37.822951
truth always hurt,2026-01-18 14:54:37.822952
timing different,2026-01-18 14:54:37.822953
im sorry but college kid really pissed lol,2026-01-18 14:54:37.822955
no need make sequel.,2026-01-18 14:54:37.822956
"ha ha ha! typical christian mental gymnastics belief arent threatened. enjoyed first one more, still liked one. tend enjoy if? moviesshows, alternate history.",2026-01-18 14:54:37.822958
dont know but 2 movie fav ...something possibility real scenario . great movies. always hoping second one found lol.,2026-01-18 14:54:37.822959
"1041 thought would rest movie shot 1 place like first, case university lecture, young diverse audience show generational cultural difference show perception thing changed 1997, like prevalent atheism, debate go there. used google every 5 second watching first movie, but used twice. wasted opportunity.",2026-01-18 14:54:37.822961
"ive rewatched 1st movie countless time but putting watching one due reviews, always making wrong decision life guess time ruin image great movie watching garbage",2026-01-18 14:54:37.822962
"hate critical, but dont bother.",2026-01-18 14:54:37.822963
christian shouldnt say bullshit,2026-01-18 14:54:37.822965
audio muffled films? boosted treble backed bass still muffle city.,2026-01-18 14:54:37.822966
"fbi agent immortal john spoke first movie. appears serial killer, perhaps name jack.",2026-01-18 14:54:37.822968
"would much interested watch movie coming back contact immortal met less opposite john, selfdestructive hedonist us knowledge immortality personal gain watch debate way live state humanity.",2026-01-18 14:54:37.822969
"well,they fucked woke diversity shit climate change hoax.if could unsee would.",2026-01-18 14:54:37.822970
"1st movie hit sky... dont make sequel, not gonna touch first one..",2026-01-18 14:54:37.822972
"people act like lifetime exciting last. experience different. try recreate one still differences. age people geography religious beliefs, even government bodies. earth school. learn lesson pas test. repeat grade. people spend majority life single lesson. one let go attachmentbaggage, evolve.",2026-01-18 14:54:37.822973
"ah god! young actor bad character written painfully poorly. know love film see sequel bad feel couldve done much better job writing around similar framework, characters, fact research provided. make possible sequel come close first one little. poorly done. hope wasnt crew everything well. dont even want know would take away love first one. look like college project movie young actor salary college credit scored c. not enough metaphor symbolisms. 2 dimensional characters. unnecessary kitriss show john chickmagnet. youd think writer 14000 year learnt better not break right disappears even need deep long relationship first place... not even 110th gripping sprinkled enigma, knowledge, curiosity, heart philosophy first one.",2026-01-18 14:54:37.822974
lmao tell director turned grumpy old man two movies.,2026-01-18 14:54:37.822976
lo mat al philip por loquito fantico religioso,2026-01-18 14:54:37.822977
"john talked end era, turning human healing like one, grey hair... look profesor talking apparently fbi agent, knew john, picture floor right side.... nice gesture john .",2026-01-18 14:54:37.822979
"good part movie fbi agent end, probably guy john mentioned first movie guy 1600. rest part 2 awful..",2026-01-18 14:54:37.822980
happened sandy?,2026-01-18 14:54:37.822981
3 .,2026-01-18 14:54:37.822983
"think end referencessets plot person john met 2007 film thought like him. third film could man killer. point possible man considers god simply doesnt care. hed similar habit tactic john, he even know based shared conversation. safety could benefit keep tab shadow john life nefarious deeds.",2026-01-18 14:54:37.822984
loved first one. sequel without doubt worst movie ever watched lmao,2026-01-18 14:54:37.822985
"movie good, but another horrible ending",2026-01-18 14:54:37.822987
juat finished first one again. left john end. this? murder her? dun dun dunnn,2026-01-18 14:54:37.822988
im confused john jesus guy. obviously john could lie also living time living different identity throughout could master art lying. phillip missed mind heck,2026-01-18 14:54:37.822990
idea behind kid dialogue terrible. absolutely terrible. first one way better shouldve stopped,2026-01-18 14:54:37.822991
liked it. john girlfriend expressing surprise leaving didnt really gel. 10 year told hed leave hed done dozen time before.,2026-01-18 14:54:37.822992
movie made angry... kid suck much... religious kid bad actor written character...,2026-01-18 14:54:37.822994
student woooooorst actor character ever written... asian hirl.and slut r bad,2026-01-18 14:54:37.822995
movie attack truth. lol,2026-01-18 14:54:37.822996
"broke house it, went little rail",2026-01-18 14:54:37.822998
"think fine sequel used dramatic approach cant imagine way could expand story original matching vibe without feeling rehashed. good exploration topic faith enlightenment. bit light compared original, dont think conflictdriven plot hindered it. but god sake, ending... point not samuel l jackson show ask join avengers? lmao",2026-01-18 14:54:37.823000
"love first bit, think it, man would think become, new generation today even baffled, desensitized manner thing eg porn, gore war, 100 years?",2026-01-18 14:54:37.823001
not great follow but liked watching it. ending seemed uncertain direction. immortal identity changing serial killer nod start trek wolf fold episode.,2026-01-18 14:54:37.823002
kid nosy?,2026-01-18 14:54:37.823004
movie trash compared first,2026-01-18 14:54:37.823006
"okay, not great part 1. anyone else notice two star trek klingon actor films. warf.",2026-01-18 14:54:37.823007
come many star trek actor this???,2026-01-18 14:54:37.823009
"anyone didnt like wasnt like original. check sunset limited sam jackson agent k. two guy talking life morality, suicide. good!",2026-01-18 14:54:37.823010
"man earth 2. loved it! hooked way through. spoiler also, understanding mother earth. doesnt remember formative years, couldve millions. earth start dying modern pollution, he. first movie didnt care whether believed him. wondered was. clearly wasnt human, though fbi guy gave lucifer vibes. hope get another 10 year",2026-01-18 14:54:37.823011
"story man earth 1,,, hope thats reality",2026-01-18 14:54:37.823013
film dogshit,2026-01-18 14:54:37.823014
709 know mohammed married 6 year old girl consumated marriage 9. 50.,2026-01-18 14:54:37.823016
happened phillip,2026-01-18 14:54:37.823017
,2026-01-18 14:54:37.823018
"11520 scene closest first movie. discussion someone absolute awe despite knowing entire faith crumbling every word person utters. john oldman, first movie tied chair. way philip kneel eye wide open succumbing 14,000 year old man. everything scene crap.",2026-01-18 14:54:37.823020
ever example ruin masterpiece.,2026-01-18 14:54:37.823021
dont understand fbi agent thing confusing anyone.john mentioned met immortal part 1.,2026-01-18 14:54:37.823023
"christgod follower shooting person couldve jesus, not faith guided him, but disprove man could directly prof christgod follower worship death, death possible resurrection teaching becomes relevant, become real truth. bad nuestra seora de la santa muerte guise love fellow man, truth is, love death soul reunited precious christgod.",2026-01-18 14:54:37.823024
"man born caveman, thrall pure survivalism, immortal. man chose path peace love hundred not thousand year initial discovery immortality, could ruin faith? unless, youre admit entirety christgod faith worships, relies upon solely death apex faith, wouldnt ruin anything. believe rise again, live without birth, though...? could jesus live again, without birth, jesus dead? christgod worshipper worship death, sole root faith. one many reason ive rejected it. many good teachings, but focus end human life quite terrifying tbh.",2026-01-18 14:54:37.823026
,2026-01-18 14:54:37.823027
"wtf girl tryng fck john oldman stupid, look like someone writed prn version man earth",2026-01-18 14:54:37.823028
"thing first movie every character reacted like rational person would, disbelief but still doubt roaming head, feel like not case here. since made age, rational person would come conclusion since ive seen grow old discredit every came made. pull away immersion fact none intelectual academic analizes this. make harder believe unlike first one.",2026-01-18 14:54:37.823030
remember guy part 1 film john said met guy like around 1600s but didnt believe time but 200 year later saw train station never seen him. think end scene fbi agent guy. met 17th century. let know theory.,2026-01-18 14:54:37.823031
yeah.... thats right.... silent.... still.... leave no footprint.. keep no attachments... but keep head down...,2026-01-18 14:54:37.823032
"ready 3th work film like serie. great actor, longo make caracter again!",2026-01-18 14:54:37.823034
"movie disgrace original, awful disgusted even watched this.",2026-01-18 14:54:37.823035
annoying bunch students! guess people unusual story wisdom tied chair persecuted.,2026-01-18 14:54:37.823037
"halfway movie think crazy trying expose somebody thats alive 14,000 years. like bro obviously trying not identified,",2026-01-18 14:54:37.823038
"108 knew it, writer going make christian fucking lunatic ....................",2026-01-18 14:54:37.823039
italian language dubbing ?,2026-01-18 14:54:37.823041
,2026-01-18 14:54:37.823042
think sequel hinted immortal john said met past taught think immortal fbi agent serial killer checking see anyone suspect anything john immortal move around creates fake identity like john except he serial killer mirror biblical symbolism cain abel hence focused jesus much left open another sequel philip thought john died like ppl long ago john said thought jesus strung threw tomb resurrected think fbi agent killed philip john resurrected sort cave tomb,2026-01-18 14:54:37.823043
art serial killer,2026-01-18 14:54:37.823045
"hi, thanks posting",2026-01-18 14:54:37.823046
guess think immoral maybe alexander great attila hun third opinion julius caesar.,2026-01-18 14:54:37.823047
movie not bad but not good original one!!!,2026-01-18 14:54:37.823049
like sad jim carrey,2026-01-18 14:54:37.823050
"first movie,even though one room, idk but thought amazing brilliantly written. one, started slowly, picked little, got good, abruptly ended stupid place actually annoyed lol. really good ending resolution, could good, but personally im really disappointed wirh ending",2026-01-18 14:54:37.823051
good film made corona....,2026-01-18 14:54:37.823053
angela carsetti? he angel? mysterious man john met 1600s?,2026-01-18 14:54:37.823054
dont know ppl dont like part. obviously not like 1st part but dont be.,2026-01-18 14:54:37.823055
10,2026-01-18 14:54:37.823057
hope make third sequel 2027,2026-01-18 14:54:37.823058
"now, imagine storyline different. chase wilderness confront history but john realizes cant let expose him, start hunting them, rambo style, but old teacher friend help saying take here, go... go delete record existing, everywhere, that, vanishes, like kayser soze, never seen again.",2026-01-18 14:54:37.823060
"would rather not watch part, knew going like this, stuff happening movie happens weird way, differently first part, completely masterpiece",2026-01-18 14:54:37.823061
love idea someone still living normal healthy life born cromagnun period. best example human species.,2026-01-18 14:54:37.823062
moral story invest early dont tell yourself.,2026-01-18 14:54:37.823064
"kid need put jail 14000 years. kidnapping, assualt, stalking, attempted manslaughter.",2026-01-18 14:54:37.823065
man young boy really ruin mood,2026-01-18 14:54:37.823067
movie doesnt magic first part!,2026-01-18 14:54:37.823068
"......uuuuh, dont know guys... 4 minute dont think watch this...",2026-01-18 14:54:37.823070
part 2 fail,2026-01-18 14:54:37.823071
four year tye next movie! please dooo,2026-01-18 14:54:37.823072
"im honest student character sequel didnt like, think u agree even though found john true student no right go digging john past personal life none business, but thanks classic human curiosity someone like john sadly never live peace sequel prof people find youve lived thousand year think key solving not religious mystery but humanity greatest mysteries. anyway student no one blame but john wanting leave, wanted stay badly shouldve left alone pretended didnt know really was. mean know student thinking shouldnt confront john really but still.",2026-01-18 14:54:37.823074
harry?,2026-01-18 14:54:37.823075
guy came end?,2026-01-18 14:54:37.823076
"offer head right start, haaaaaaaaaa! xd",2026-01-18 14:54:37.823078
"make it? total opposite firsts. enjoyed every second first, maturity story telling. one look like b grade kid movie. waiting something happen, but didnt. skipped almost 60.",2026-01-18 14:54:37.823079
crap been.,2026-01-18 14:54:37.823080
cant wait part 3,2026-01-18 14:54:37.823083
"kid one bunch creepy, stalker psychos. actual egocentric sadists. stalk him, take picture he sleeping, kidnap him, stab him, tase him, sexually assault him, break home, spread personal information, manipulate people. none show sign remorse regret. oblivious evil action are. confronted talk life career ruined.",2026-01-18 14:54:37.823084
jesus jesus christ superstar cuz bogeyed aint,2026-01-18 14:54:37.823086
horseshit,2026-01-18 14:54:37.823087
rationalization sharp edge blasphemy,2026-01-18 14:54:37.823088
wish didnt waste time watching sequel. could stoped first one.,2026-01-18 14:54:37.823090
"wasnt good all. storyline went sideways, teen actor sucked, no flow originality first film. total fail. complete failure storyline editing.",2026-01-18 14:54:37.823091
fbi guy definitelly imortal. no doubts.,2026-01-18 14:54:37.823092
type kid id beat,2026-01-18 14:54:37.823094
wish spend like least 15 minute bush craft. must mastered ton crafting techniques. much resource youtube used reference.,2026-01-18 14:54:37.823095
quel film ! jespre quil aura une suite !,2026-01-18 14:54:37.823096
4 student movie dumbest people ive seen. dumber people religious fanatic especially islamists.,2026-01-18 14:54:37.823098
last scene imagine fbi agent immortal john talked first movie theory though,2026-01-18 14:54:37.823099
cant leave good movie alone,2026-01-18 14:54:37.823100
man literally crying....do wait 2027 part 3 never coming,2026-01-18 14:54:37.823102
"watch second part??? believe first part complete story, part unknown made beautiful maybe part two might ruin part one well. let know watched.",2026-01-18 14:54:37.823103
prequel highlander!!!?,2026-01-18 14:54:37.823104
"feel like made tv christian movie, lol. alright",2026-01-18 14:54:37.823106
crente foda.,2026-01-18 14:54:37.823107
john young formerly known john oldman also known godemperor mankind,2026-01-18 14:54:37.823108
liked eveything movie except fort making chirstian bad guy truly pissed,2026-01-18 14:54:37.823110
"would cool part 3, didnt like ending much part 2.",2026-01-18 14:54:37.823111
4 year boy gals..,2026-01-18 14:54:37.823113
anyone else notice van gogh art house post credit scene?,2026-01-18 14:54:37.823114
"not good first one. ive seen better acting porn, better story line wwe hear piano movie 45 minute ill go insane.",2026-01-18 14:54:37.823115
see 2027,2026-01-18 14:54:37.823117
happened girl went end first movie shes gone???,2026-01-18 14:54:37.823118
hoping would prequel showing story time,2026-01-18 14:54:37.823119
"understand ad in, but every 5 min ad 3x volume movie. wtf!?!",2026-01-18 14:54:37.823121
"mehhhh. writing could better. dialogue nearly unbelievable. couldve workshop lot longer. rest ok, not stellar",2026-01-18 14:54:37.823122
also good but first one way better,2026-01-18 14:54:37.823124
absolutely garbage follow,2026-01-18 14:54:37.823126
next part 2027,2026-01-18 14:54:37.823129
midroll scene dumb hell. movie doesnt even hold candle first film. yes distinction.,2026-01-18 14:54:37.823132
"first part end positive note, second part end like john actually immortal devil slowly shaking people belief jesus christ completely negative way end picture. ending positive, sad, reality, fantasy, hope, etc. but ending bad back square one.",2026-01-18 14:54:37.823134
part 3?!,2026-01-18 14:54:37.823136
"disappointed season, not expand theorizes, insight past live. not show contention student view classroom, but, attempted student hold hostage nothing akin first season episode. flat. sequel uplift second season. rate second season holocene 95.",2026-01-18 14:54:37.823138
"pretty good sequel. yes, not awesome first one but still decent..",2026-01-18 14:54:37.823141
fbi guy immortal guy talked first movie,2026-01-18 14:54:37.823143
less four year sequel.,2026-01-18 14:54:37.823147
people made one first one.,2026-01-18 14:54:37.823150
"im glad see story bit fleshed out, but could lot better was.",2026-01-18 14:54:37.823152
disney kid actor suck ball movie. shitty acting,2026-01-18 14:54:37.823155
man earth part 1 httpsyoutu.beg5fjr658cqs,2026-01-18 14:57:38.822904
kid mutt,2026-01-18 14:57:38.822910
please make series make sequel movie,2026-01-18 14:57:38.822914
99 christian exactly philip basement.,2026-01-18 14:57:38.822916
"watched first one, wonderful but one come nowhere near it. plus hated students, claimed love professor even said wanted learn but no problem stalking him, invade home, belonging impose forcibly life. not one person decency point none anyone right thing him? kid fake called ambulance instead duck taped poor guy chair felt belief challenged worst all. yes young felt strongly faith but quickly betray core faith. action proved humanity still undeserving greatness miracles. history proves, every time humanity given something divine, miraculous amazing, instead trying understand feel fortunate enough witness it, decided vilify it, torture crush till gone destroyed. add insult injury go say want believe. professor said angry wanted oldman, but reality acted way student stabbed oldman, albeit less drastic way. couldnt admit action ruined career. kind real friend, would never tried friend, especially oldman already explained friend needed move difficult life various reasons. instead empathising even marveling possibility meeting person, response oldman, ridiculous evil him. tried profit olmans secret purposely put target oldmans back but didnt think would backfire destroy career, resulting becoming bitter old man. least, would liked seen four student pay did, see realisation part cruel nothing short selfish whether oldman thought not, came upon something incredible, destroyed never come close again. least, might given something film. first film various character thoughts, feeling deal learned friend. im not sure anyone watched show called forever, brilliant show refreshing intelligent new take someone discovering immortal trying figure even possible. show making something completely new intriguing but like thought provoking shows, got axed became hooked. yes, fact show called forever got cancelled soon after, isnt lost me. no 3 man earth story, feel creator forever one could real justice.",2026-01-18 14:57:38.822918
hmmm... ending scene fbi agent bwas really weird messed up! whole part 2 felt like highjacking part 1!,2026-01-18 14:57:38.822919
guy look like jim carrey!,2026-01-18 14:57:38.822921
perfect sequel.,2026-01-18 14:57:38.822923
philip john tape chair basement? right? john get stabbed knife? dont think thats knife would use anything.,2026-01-18 14:57:38.822925
think immortal serial killer one wen see jenkins,2026-01-18 14:57:38.822927
painful watch,2026-01-18 14:57:38.822928
year 2026. still year go third part,2026-01-18 14:57:38.822930
didnt know mark webber acted!,2026-01-18 14:57:38.822932
"first movie great. sequel poor attempt cashing original. poor writing, poor acting dreadful ending.",2026-01-18 14:57:38.822934
total trash,2026-01-18 14:57:38.822936
first film masterpiece! love it. italian version this? least subtitles? grazie,2026-01-18 14:57:38.822937
nabi idris ga sih,2026-01-18 14:57:38.822939
. . . . . . . . . . . . . . . . . . . . . . . . . .,2026-01-18 14:57:38.822941
"pretty poor, that.",2026-01-18 14:57:38.822943
first movie absolute masterpiece. second part big downgrade shouldnt come first place,2026-01-18 14:57:38.822944
"fun fact, bottle whiskey 1960 wouldnt go bad stored cupboard quality doesnt improve time bottle.",2026-01-18 14:57:38.822946
keep getting crucified whenever people find secret he trying escape live life. no wonder hide,2026-01-18 14:57:38.822948
"how, how? im fresh watching first part not believe bad is.",2026-01-18 14:57:38.822950
"looking first movie ended watching entire movie accident. imagine confusion. fortunately, found first one after.",2026-01-18 14:57:38.822952
"lmao, movie bad compared first one. still, entertaining",2026-01-18 14:57:38.822953
liko busta.,2026-01-18 14:57:38.822955
wish theyd make tv series based story told first movie.,2026-01-18 14:57:38.822957
"first movie great, but sequel destroyed rabid christians. usual approach jesus movie sit back, laugh, enjoy bad acting cheap sets. couldnt one kept remembering first one, was, large part, monologue additional character time time. oh well, there aways ten commandents next rainy day.",2026-01-18 14:57:38.822959
hunch but 2027 next movie.. 2007 part 1 2017 part 2 2027 part 3?,2026-01-18 14:57:38.822961
im waiting part 3 year 2027,2026-01-18 14:57:38.822963
philip right! john antichrist. true. john must kill philip keep secret,2026-01-18 14:57:38.822964
"story writer take role character live it. scenario good time name discovered book, writer imagination failed began flounder randomly end story. decision go wilderness good one, thats exactly would done place. but short moment could prolonged everyone following something happening, like getting lost wilderness. could showcased survival skill interesting discussion around campfire. first part inspiring. envisioned many enjoyable parts, dont think id want watch episode might ruin ive already seen. author, given first part contained truth, would made second part showcase man ability expertise hiding, escaping, conversing, dodging, talking, surviving, on.",2026-01-18 14:57:38.822966
"sequel never needed yet,",2026-01-18 14:57:38.822968
"really liked first movie, part 2 watch like porn without sex...",2026-01-18 14:57:38.822970
"people must admit no god anything like exist replica anything ,like bible replica book like",2026-01-18 14:57:38.822971
jesus also fake one like god claim,2026-01-18 14:57:38.822973
hm,2026-01-18 14:57:38.822975
fk,2026-01-18 14:57:38.822977
"shoudnnt ending, first great, believe last one mean one, made around breaking religions, making human realize not religion humanity, kindness, equlibrium bw human nature.",2026-01-18 14:57:38.822978
dissapointing... havent seen end yet but feel like attempt sequel...,2026-01-18 14:57:38.822980
think shouldnt made part 2. effect original movie.,2026-01-18 14:57:38.822982
,2026-01-18 14:57:38.822984
"1730 favourite scene whole movie. metaphor nothing lasting forever, warm humour, john friend not clue took friend name vain",2026-01-18 14:57:38.822985
wild bad comparatively. im halfway sad,2026-01-18 14:57:38.822987
god damn no way good compariosn part 1,2026-01-18 14:57:38.822989
"tara true 49er. shes 4, but think shes 9.",2026-01-18 14:57:38.822990
first movie still best,2026-01-18 14:57:38.822992
four student anti christ.,2026-01-18 14:57:38.822994
student insufferable movie. whoever wrote shit clearly didnt understand first movie made great,2026-01-18 14:57:38.822995
stay radar. work university,2026-01-18 14:57:38.822997
"hasnt aged 14,000 years, but aged quite bit last 10 years.",2026-01-18 14:57:38.822998
"movie isnt immortal caveman, jesus, mortal captain planet no power create interesting universe, remove interesting thing brilliant",2026-01-18 14:57:38.823000
"david lee smith understated performance, melancholic expression, brooding silence really get mood right portraying. something tragic lonely man living forever nail it. compelling story. loved first movie. always get story like pit stomach",2026-01-18 14:57:38.823002
could better,2026-01-18 14:57:38.823004
monotheism root evil done name religion world.,2026-01-18 14:57:38.823006
,2026-01-18 14:57:38.823007
,2026-01-18 14:57:38.823009
please let run campaign part 3 released 2027!!!,2026-01-18 14:57:38.823011
"doctor jenkins, art , next victim.",2026-01-18 14:57:38.823013
arruinaron la escencia,2026-01-18 14:57:38.823014
"something definitely wrong students, christian student",2026-01-18 14:57:38.823016
guy thee post credit scene 13904,2026-01-18 14:57:38.823018
ruined... part 1 brilliance,2026-01-18 14:57:38.823019
good movie though,2026-01-18 14:57:38.823021
exposed? movie show selfish humanity is.,2026-01-18 14:57:38.823023
"1745, flying f shoot 75 year old scotch???????",2026-01-18 14:57:38.823026
like useless conversation web show pas time,2026-01-18 14:57:38.823028
shade edith! christian fundamentalist always biggest problem dealing things? jesus christ no pun intended.,2026-01-18 14:57:38.823029
ti con nt ranh vo p2 ny c v nh din sai lm chng n lm hng p2 ny ri,2026-01-18 14:57:38.823031
hell shit,2026-01-18 14:57:38.823033
second part almost came 10 year john change location every 10 year,2026-01-18 14:57:38.823034
"loved first film, but second one terrible.....",2026-01-18 14:57:38.823036
"man ruin legacy first one , completely ruined first one amazing idea , amazing acting , amazing ending left",2026-01-18 14:57:38.823038
"first movie made genius storyteller, articulated confidence. stupidity thats another kind confidence.",2026-01-18 14:57:38.823039
"currently 2809 , reason part not like near 25002800 no basis attach prof young prof old not good start part 1 3200 3400 . 3700 bunch teenager go house young started searching like disturbed major flaw part 1",2026-01-18 14:57:38.823041
waiting part 3 2027 !!!! please like comment wanna support wait,2026-01-18 14:57:38.823043
seems movie goal discredit christianity script written lucifer,2026-01-18 14:57:38.823044
honestly disappointing,2026-01-18 14:57:38.823047
"proof humanity not ready hear bible religious book fary tell, create heaven earth but love lied",2026-01-18 14:57:38.823049
"movie crap compared first movie. college kid movie annoying, irresponsible acting terrible. first movie masterpiece. this?",2026-01-18 14:57:38.823051
kid truly crazy.,2026-01-18 14:57:38.823052
waiting part 3 2027,2026-01-18 14:57:38.823054
original thought provoking. pile teenage waistland crap.,2026-01-18 14:57:38.823056
"sorry, but dumbest piece shit ive ever seen.",2026-01-18 14:57:38.823057
"first one much better , one throe everything first one did, mystery, wonder true history john alive 14000 year last decade done know going die, end era come on... screw good plot, sake plot twist.... good tale thrown away, know go back time prequel. cause fucked up...",2026-01-18 14:57:38.823059
masterpiece,2026-01-18 14:57:38.823060
"sequal doesnt deserve part masterpiece,,, first part based idea , knowledge, curiosity, knowing , among knowledgeable people...those cast member know acting ...but seeing bunch college students.. asking stupid questions..and expressionless acting ..i disappointed man ..",2026-01-18 14:57:38.823062
"one stupid sequel, no coment",2026-01-18 14:57:38.823064
feel like im watching porn,2026-01-18 14:57:38.823066
,2026-01-18 14:57:38.823067
,2026-01-18 14:57:38.823069
,2026-01-18 14:57:38.823071
"awful pivot away original. discovered movie 3 hour ago watched back back. supporting character braindead caricature made stupid useless change john character. first movie magical character hyperintelligent unique personalities, offering interesting individualized perspective john. first movie genuinely one greatest thing ive ever seen. feel like written single weekend someone saw original movie, didnt understand it, decade later paid make sequal based memory alone.",2026-01-18 14:57:38.823073
actual hell whole philip part end? actual brain melting writing.,2026-01-18 14:57:38.823075
sidhhartha gautam indian nepal told ? make make sense,2026-01-18 14:57:38.823077
true story .... prophets. saint,2026-01-18 14:57:38.823079
"previously raved man earth possibly best film ever seen. man earth halocene mediocre, best. former philosophical introspective, socalled sequel preachy sophomoric. et cetera...",2026-01-18 14:57:38.823080
hallmark movie atheist,2026-01-18 14:57:38.823082
turn he immortal serial killer? lololol,2026-01-18 14:57:38.823084
empowerment godly people,2026-01-18 14:57:38.823085
,2026-01-18 14:57:38.823087
"im wondering 1st movie , told friend secret. wonder act alone made start age. would explain starting age since time 10 year",2026-01-18 14:57:38.823089
blecchhh!,2026-01-18 14:57:38.823091
didnt high hope sequel first really good good there,2026-01-18 14:57:38.823092
"found nitpicking pretty much start, watched two back back. going im not healing fast. entirely retconned part made first tantalizing. wasnt healing speed, didnt scar. whole student think he hot thing weird feel like anime, descent already questionable student thing first movie. im also confounded student connecting dot blinding pace seemingly disregarding consequence like tresspassing, shouldnt let scotfree. plus course many loose end left without satisfying closure, stark contrast neat bowtie first, still left thing ambiguous. plus course student reading like three book day entirely break semblance suspension disbelief. think there solid idea movie, student figuring thing could make good premise done course semester, though think religion bit laid awfully thick point counterintuitively almost felt preachy. fbi bit end really could half movie satisfying payoff, but instead cheap setup third movie.",2026-01-18 14:57:38.823094
well... definitely full hollow scenes.,2026-01-18 14:57:38.823096
"haha, cant wait 2027",2026-01-18 14:57:38.823097
cop come life im sure million criminal thought.,2026-01-18 14:57:38.823099
"doesnt make sense would leave van go behind? would suck lose gift long lost friend, but thousand year get back, would leave it. would rationalize friend would want not end lab somewhere guinea pig.",2026-01-18 14:57:38.823101
okay cool director. 1st movie gaindd following due mystery way john never truly answered questions. one take many unnecessary plots. but sadly part story. way could see working third movie never happen maybe instead aging start become younger. another commentor said fbi agent could possible immortal john met. could cat mouse game maybe. sequel really delve faster healing well. first one never suggested also suggested learned slow body such. not heal within week stabbed gut.,2026-01-18 14:57:38.823104
wow might worse sequel.,2026-01-18 14:57:38.823106
worf!!!!!l,2026-01-18 14:57:38.823107
"feel nothing like original, lost thing made original good. even script feel poorly written comparison",2026-01-18 14:57:38.823109
blonde college girl fucking fine im not even focused plot john would folded,2026-01-18 14:57:38.823111
"take amazing movie, make complete dogshit sequel. fucking embarrassing",2026-01-18 14:57:38.823113
"simply not good original one. honestly fact first one good heavy lifting making sequel decent. perhaps different writer studio demand behind fails capture original. whatever case clearly missed made first one interesting. focus suppose man. not students. not coworkers past present. not religious aspect. man. single place. without top theatrics. conversation someone wise seeing much yet also humble admit also know little. edit add final scene credit want film. honest, simple conversation open minded people one location. mid credit scene happens stunned tone deaf is. clearly whomever wrote scene particular not get concept people loved first one all. frankly hope third film made scene ignored, erased never brought beyond go opposite direction it.",2026-01-18 14:57:38.823115
10522 lens shot on? bokeh ball shape im not used to.,2026-01-18 14:57:38.823116
lot star trek people movie,2026-01-18 14:57:38.823118
boy john aged,2026-01-18 14:57:38.823120
even whiskey spoils!,2026-01-18 14:57:38.823121
"single compelling part movie me, shadowcovered fbi agent end, questions. could whole movie faceless federal agent recanting exploit via question random witness old new character left wonder john, another immortal. ....in 1983, man matching description killed compound full follower waco, texas, think he capa... ....in 1969, man matching description robbed museum stole old photographs.... ...in 2010, man matching description set fire security camera saving life convenience store clerk. . would that?",2026-01-18 14:57:38.823123
"kept waiting john outwit kid one question, like tom hank green mile stand god. tell him... killed one gifts? thought job?!",2026-01-18 14:57:38.823125
kid pissed much.,2026-01-18 14:57:38.823127
"try, but hard unsee feminization hollywood. two movie after. 1.all woman smart bos babe men bumbling idiots. aside john, not one capable man story. even killer church boy couldnt competently stab devil tied chair. everything favor righteousness, time, motivation, even stationary target messed up, like fool. 2.all woman belowhollywoodlevel attractive men feminine. unlike now, past actress usually exceptionally beautiful unless role call purposely unattractive, like misery. world tia carrera cameron diaz exists, best looking diverse girl could find? churchboy couldnt chiseled jaw, like churchboyfootball player american pie todd breaking bad? john second girlfriend chunky, but first girl artsy, waif professorhollywood archetype. realistic part movie damaged college girl attempted s3xully assault john, thought attractive actually was. ive seen woman build try make not conventionally attractive overtly aggressive. part believable. unbelievable that, rejection, didnt make victimassault story cover mistake. fact, normalized, soon ran away shame tear 90 sure going make false accusation move plot direction. surprised moral backbone override ego. jilted girl, common scenario workplaces, probably schools, too.",2026-01-18 14:57:38.823129
"reading comment think movie potential fantastic sequel. however storyline mr boat, script whack. steven seagal keanu reef xmen type shoot em brain dead action script, something little smart intelligent scifi. following religious storyline think fall flat beat dead donkey first one. first one revelation movie discovery. really could kept revelation going. maybe even made period piece gone back time. yes act look old but youre like beard no problem. many interesting possibility but pander religious nuts. shame. really could got mind character 2 mean lived 14,000 year maybe want die. made mortal suppose gonna kill thats end that. shame.",2026-01-18 14:57:38.823130
loved first one one hard watch,2026-01-18 14:57:38.823132
many people seeing clip first movie watching this?,2026-01-18 14:57:38.823134
5111 hate kids.,2026-01-18 14:57:38.823135
"yup, quick browse comment figured, better keep mystery.",2026-01-18 14:57:38.823137
broo john shoulda smahhhh dat bihhh god nem,2026-01-18 14:57:38.823140
10 year gap movie awsome lol but gonna handle aging. squared 10 year but dont think 10,2026-01-18 14:57:38.823141
much better thought would,2026-01-18 14:57:38.823143
jesus freak always going deep end,2026-01-18 14:57:38.823145
collage student made painful watch,2026-01-18 14:57:38.823146
talmudic propaganda,2026-01-18 14:57:38.823148
"lol better buying motor cycle taking student, glad im not one thought off. got confirmation movie itself. edit oh shit wrote book talkin bout. wonder mention buying motor cycle riding student. reedit havent laughed hard ages, movie master piece rereedit phillip literally shayne topp character crime portion",2026-01-18 14:57:38.823150
"bad director cant seem let good story good ending alone, try extend either abandon fail understand first one good.",2026-01-18 14:57:38.823152
glad kept original cast. not sure jesus character. aged much,2026-01-18 14:57:38.823153
"pig underrated pets, super smart, super friendly actually clean trainable",2026-01-18 14:57:38.823155
kid pretty stupid lol,2026-01-18 14:57:38.823157
single aggravating movie ive seen 10 year spectacularly terrible,2026-01-18 14:57:38.823158
fuck hunk shit? first one great.,2026-01-18 14:57:38.823160
skipping movie much watched like 30 min it. wtf ending. john anvenger now? also he dying saw child die. thats it. ever see one child die. no. foreshadowed end 1.,2026-01-18 14:57:38.823162
look like phil modern family lol,2026-01-18 14:57:38.823164
"movie isnt good first one, but still decent. however, worst trend history cinema college kid joke every single thing happens glad trend pretty much over. no one, history, ever talked like that.",2026-01-18 14:57:38.823165
veteran actor kid seem acting first time life. kid acting literally painful,2026-01-18 14:57:38.823167
5120 begin talking god head say son god literally next word say im not saying he son god cant mistaken signs. relationship god amazingly awesome. love,2026-01-18 14:57:38.823169
cant wait another one 2027.,2026-01-18 14:57:38.823171
"was..... disappointing say least, not expecting sequel all... writing first movie absent",2026-01-18 14:57:38.823172
"well, movie took unexpectedly dark twist.",2026-01-18 14:57:38.823175
"yeah nah, saw first one accident 611 done already",2026-01-18 14:57:38.823176
remember john said met guy like past said would keep touch...he said thought saw but missed him. next part provide closure but ride end worth it!!!,2026-01-18 14:57:38.823178
movie much worse... unlucky,2026-01-18 14:57:38.823180
butcher first one..,2026-01-18 14:57:38.823182
construction dialogue first movie smart. thoughtful answer followed logically derived questions. second movie scenario amateur acting little thought development. hard pass. admitted waste time. nap would valuable.,2026-01-18 14:57:38.823183
"pathetic. man purportedly life 14000 years, yet whole life reduced one middle eastern fairytale not 2000 year old, probably got written middle age anyway. pathetic. whole scope humanity reduced one fiction.",2026-01-18 14:57:38.823185
ad make unwatchable,2026-01-18 14:57:38.823186
po sequel.,2026-01-18 14:57:38.823188
khatra aise hi young aur rafical maa bap se hai fesh ko,2026-01-18 14:57:38.823190
"actually like it. not bad like comment says. worrying young actors, but good characters, auch shame isnt part3 end story line end part2.",2026-01-18 14:57:38.823191
"wish sequel actor david lee smith , tv series. knew movie late. but impossible cause dlsmith would old continue story line here. director lucky actually find actor actually almost didnt age 10years.",2026-01-18 14:57:38.823193
strange ending. seems though better ending would visit harrys dad. not credit scene like something marvel movie.,2026-01-18 14:57:38.823194
"watching first movie, kept engaged entire duration it. even though didnt action, anything besides people room. one however, annoying watch. kid brain capacity squirrels. discussion brainrotted. conclusion stupid. atleast one student shouldve brought scientific approach but non did. not even good acting yo",2026-01-18 14:57:38.823196
garbage acc shat first movie this.,2026-01-18 14:57:38.823197
first one good enough. one bad cinema.,2026-01-18 14:57:38.823199
agree blonde fbi agent end christian kid tried kill ? checked hair line same.,2026-01-18 14:57:38.823201
"hit pause blink watching first one, fast forward second 2x speed",2026-01-18 14:57:38.823202
"people pissy sequel? people whining attitude boomer critizing star war prequels. let nostalgia cloud critical thinking. story change evolve time, experience never replicated again, time is!! chaos change! different story! appreciate stop getting mad want watch thing over. human uncomfortable change want control can, order prevent suffering. still keep spirit theme alive. shame didnt funding keep going make grandiose story implying going be.",2026-01-18 14:57:38.823204
"1 ,2 .. .",2026-01-18 14:57:38.823206
"first movie genius script thought provoking , second pissed first , third highlander mlvie !? j hope not",2026-01-18 14:57:38.823207
"could made way better , movie kinda suck .... big time , dude survived 14 k cook rent girl ? nah sci fi definitely",2026-01-18 14:57:38.823209
2100 cooking girlfriend instead going drink mate beginning end,2026-01-18 14:57:38.823210
13050 look younger guy who supposed live forever,2026-01-18 14:57:38.823212
probably dumbest part 2 ive ever seen....... come guy really? literal gold mine hands.,2026-01-18 14:57:38.823214
brutto film il seguito,2026-01-18 14:57:38.823216
whole fcked masterpiece,2026-01-18 14:57:38.823217
"jiji, still watch. feling bit old guess hehe, hug frae scotland alexander john murray",2026-01-18 14:57:38.823219
"watched man earth holocene back back. first movie masterpiece praise give less, sequel even doesnt reached beauty original felt like story going correct direction showing consequence telling secret other, making connection different life lives. story premise movie extremely rich execution first commendable sequel fell felt face. like philosophical movie one must watch, future sequel, movie but premise get diluted genres. personally, would love see prequel john immortal meet would great, john aspect philosophical nature human instinctive human based end credit",2026-01-18 14:57:38.823220
"trash. bad writing regurgitating previously done concept worse version. 1st one okay ... make masterpiece wasnt, nice concept wrapped bunch drivel saved end son died.",2026-01-18 14:57:38.823222
"best sequel could plot professor oldman meet person mentioned part 1 similar like thousand year old saw train station but lost crowd. imagine discussing sharing length information regarding history, religion, cults, extra terrestrial contact ancient tribes, invention time travel machine nazi time, secret experiment different country not. once, imagine guy played none keanu reaves. end, keanu reaves say per knowledge, total 5 people including even older two somewhere world. story would ended embark journey find remaining 3 people. immature cringe acting kid extent spoilt whole seriousness movie.",2026-01-18 14:57:38.823224
"dog sht desecration jerome bixbys ouevre sequel supposed be. shame successor led memorialize nonsense was. no structure, weird segues, half baked jab introspective question original screenplay raised. please go familiarize legacy work jerome bixby.",2026-01-18 14:57:38.823225
imo man earth spinoff comic book,2026-01-18 14:57:38.823227
pitiful.,2026-01-18 14:57:38.823229
1,2026-01-18 14:57:38.823230
"comment section interesting, say least. not interesting see people mind go back inside box soon subject require take path thanking, exploration questioning, frightened destroy paradise created themselves, risking everything way, sacrificing important quest life get truth.",2026-01-18 14:57:38.823232
"kid terrible people, self righteous religious zealots. always wary someone need supreme creator universe tell decent human being.",2026-01-18 14:57:38.823234
"unbelievable. youve club cab pickup, dont go back regular cab.",2026-01-18 14:57:38.823235
really couldve better. but first one great.,2026-01-18 14:57:38.823237
stupid christian boy going hell wonder believer like whole faith made,2026-01-18 14:57:38.823238
think guy end immortal met but he serial killer im assuming something,2026-01-18 14:57:38.823240
horrible... but watched guess creator got watch time,2026-01-18 14:57:38.823242
"best film hadnt saw, now. great sequence underrated. come 2027",2026-01-18 14:57:38.823243
thr second movie deems like parody sequel 1st part lol needed screentime john not bunch whinng little kid,2026-01-18 14:57:38.823245
n tem legendado???,2026-01-18 14:57:38.823246
whole movie could john tied chair interrogated student would better close first one style,2026-01-18 14:57:38.823248
could cain but forgot,2026-01-18 14:57:38.823250
im willing bet one girl didnt help spread word thing probably coulda convinced talk but said like crapnits happening yet another crusade,2026-01-18 14:57:38.823251
"first movie genius, pure gold, maybe jerome bixby cromagnon century hone writing skill emerson regular human chef dentist.",2026-01-18 14:57:38.823253
"like first movie one best movie ive ever seen, one worst movie ive ever seen. bad writing, bad acting, entirely losing plot first movie, overall backtracking thing made first movie great. movie like shawshank redemption made sequel andy go become murderer escaping sentenced receive death penalty, basically destroying everything built first movie. literally jaw floor dawned movie ended poorly written nonsensical manner. 110",2026-01-18 14:57:38.823255
last stupid but need part three,2026-01-18 14:57:38.823257
would suck live 14k years. imagine witnessing horror mankind. death ultimate reset life.,2026-01-18 14:57:38.823258
let ending.but anything possible eh.,2026-01-18 14:57:38.823261
fck,2026-01-18 14:57:38.823263
"took science fiction concept john character made bullshit straight vod flick. imovie as transitions, worst camera work youve ever seen life. sound design deaf person. camera work blind person. wow!! love movie shitty much tho",2026-01-18 14:57:38.823264
omg comedically bad,2026-01-18 14:57:38.823266
got hyped hearing sequel. 2min completely garbage but thisll good movie watch shit friend,2026-01-18 14:57:38.823268
"first movie 1010, second movie one 210",2026-01-18 14:57:38.823269
look like he going case xfiles now!,2026-01-18 14:57:38.823271
thats thats ends? dumbass sequel,2026-01-18 14:57:38.823273
waste...,2026-01-18 14:57:38.823274
student reenforced dislike teenager young adult,2026-01-18 14:57:38.823276
"11.11.2024 sadly, screenwriter go ending suggests young caucasian christian college student grows become j.edgar hoover gman serial killer rage not finding real jesus christ. waanhwaanh.. original better didnt try solve mystery.",2026-01-18 14:57:38.823278
ruining ? anyway... cant wait watch 3rd part 2027,2026-01-18 14:57:38.823279
dont read comment watch it. pretty good.,2026-01-18 14:57:38.823281
altsimo mierdon,2026-01-18 14:57:38.823283
2027 please.,2026-01-18 14:57:38.823285
"not good original, but worth watch companion piece. made tv series pilot initially, thats bit structured differently. original 9 10 me, 7 but seen original . standalone really isnt , id rate little lower 6.",2026-01-18 14:57:38.823287
id love see third movie,2026-01-18 14:57:38.823288
still looked good age hate still like movie hoping part 3,2026-01-18 14:57:38.823290
men black end other???,2026-01-18 14:57:38.823292
"gusto mucho, e una buena secuela, ojal hagan la tercera",2026-01-18 14:57:38.823293
"first movie, john mentioned someone immortal like him. maybe guy serial killer mentioned part.",2026-01-18 14:57:38.823295
part3????,2026-01-18 14:57:38.823297
nothing like first part,2026-01-18 14:57:38.823298
"reading comments, im not going waste time watching it.",2026-01-18 14:57:38.823300
didnt like ending all. didnt give kind closure anything anyone...,2026-01-18 14:57:38.823301
lol comment likedislikeratio dont match,2026-01-18 14:57:38.823303
gonna leave cliff hanger like,2026-01-18 14:57:38.823305
,2026-01-18 14:57:38.823307
"4556. picked plastic way back mountains.. good message, fit story kind man was.. caring people .. caring earth... made real. kudos writers.",2026-01-18 14:57:38.823308
way ended pissed,2026-01-18 14:57:38.823310
en franais svp,2026-01-18 14:57:38.823312
shame mixed disappointed,2026-01-18 14:57:38.823313
mind blowing sense,2026-01-18 14:57:38.823316
think...the actor mature good actor ! not noobs . spoiled whole mood first part got !,2026-01-18 14:57:38.823317
"fuk, disappointed",2026-01-18 14:57:38.823319
"please dont watch this, not worth expectation. literal waste watching part1",2026-01-18 14:57:38.823321
first movie really good. but b class crap,2026-01-18 14:57:38.823323
become follower good but blind follower bullshit. religion doesnt make blind priest that.,2026-01-18 14:57:38.823324
isbthere third one?,2026-01-18 14:57:38.823326
isnt funny hollywood producing movie advertisement like last 60 years. leave jbirds.,2026-01-18 14:57:38.823327
u notice van gohh last scene john fabricated identy body found 1 year ago doctor,2026-01-18 14:57:38.823329
"first movie entirely shot single room, still hold everyone end, however doesnt even come close that.",2026-01-18 14:57:38.823331
second movie not bad,2026-01-18 14:57:38.823332
"shame, doesnt come close original movie. waste time!! could degrade piece art much original was, putting typical student without logical sense sex heads!!",2026-01-18 14:57:38.823334
"ok, 4 jesus",2026-01-18 14:57:38.823336
"perfect depiction brain damage religion inflicts people, lol.",2026-01-18 14:57:38.823337
first part kept thinking week wen first watched it....such underrated movie true cult masterpiece....,2026-01-18 14:57:38.823339
"please unpublish movie internet , insult part 1",2026-01-18 14:57:38.823341
perdi su esencia no e como la primera parte,2026-01-18 14:57:38.823342
third sequel come 2027.,2026-01-18 14:57:38.823344
excellent thank,2026-01-18 14:57:38.823346
"four student like believer days, care teacher",2026-01-18 14:57:38.823347
"different first one, but not worst movie ive watched. felt like ended way abruptly tho",2026-01-18 14:57:38.823349
wife person left end movie?,2026-01-18 14:57:38.823351
"damn, bad movie",2026-01-18 14:57:38.823352
"see lot people comment talking not good first, but point think well enough everyone agree man earth far greatest film ever seen, holocene pretty good movie.",2026-01-18 14:57:38.823354
"comparando com primeiro, na minha opinio perdeu essncia, simplicidade e papo cabea que tinha no primeiro no existe nessa sequencia. ficou em aberto mais esperado uma sequencia, no teve plot igual primeiro. bem fraco, mais foi bom ver uma continuao, poderia ter uma terceira parte.",2026-01-18 14:57:38.823356
"moment drank whiskey gone bad spell go show nothing last forever.. gosh, line alone killed little depth left teenager segment..",2026-01-18 14:57:38.823358
man wtf ending... like... skip something???,2026-01-18 14:57:38.823359
son said year ago didnt want come back would treated again. great example man stupidity.,2026-01-18 14:57:38.823361
lazy writing,2026-01-18 14:57:38.823363
so...... not blasphemous missing something?,2026-01-18 14:57:38.823365
"well, forgave judash. girl joke savage",2026-01-18 14:57:38.823366
"character jesus not indecisive, regretful, unsure path. felt story would much better told author known jesus wrote.",2026-01-18 14:57:38.823368
people believe want believe,2026-01-18 14:57:38.823369
first movie left thinking. second enhances story human being weakness . not thoughtprovoking,2026-01-18 14:57:38.823371
unbearably bad compared 1st part sad say,2026-01-18 14:57:38.823373
master piece man waiting next one 2027,2026-01-18 14:57:38.823374
religious always refuse accept fact believe mythos story made people,2026-01-18 14:57:38.823377
not great movie. really enjoyed first one spite ridiculous premise. but poorly made.,2026-01-18 14:57:38.823379
director not making more. tf cast? kid extremely irritating!,2026-01-18 14:57:38.823381
"make lot sense would captured, regardless modern day. one place speaking next next....every country would curious scared government would go get",2026-01-18 14:57:38.823383
"coming shorts,",2026-01-18 14:57:38.823385
made damn sequel???,2026-01-18 14:57:38.823386
"enjoyed one, not good first but still enjoyable",2026-01-18 14:57:38.823388
"devil, lollardyism misguided human blasphemy bad pornographic meet lifetime movie soundtrack dulled threnody pleasant, albeit bloated, minutes. thanks.",2026-01-18 14:57:38.823390
dumb kids...thats birth control needed,2026-01-18 14:57:38.823391
philip edith nut,2026-01-18 14:57:38.823393
compared first one terrible god,2026-01-18 14:57:38.823395
nail fact jesus returned wouldnt know wether laugh cry.,2026-01-18 14:57:38.823396
"dont understand student didnt send professor 2 original photos. one partially obscured full side profile. would easily recognisable, especially someone met real life friend him.",2026-01-18 14:57:38.823398
decent sequel like mainstream cinema storytelling but nothing like masterpiece 1st one was....,2026-01-18 14:57:38.823400
thing going smooth. tara designed destined idiot,2026-01-18 14:57:38.823401
"seen man too, africa. 2 year ago, started talking budha stuff.",2026-01-18 14:57:38.823403
seen first movie genuinely changed way live thinking time not time left little but choose hell point movie man lived 14000 year ago thats it?,2026-01-18 14:57:38.823405
well 3 year gona third film,2026-01-18 14:57:38.823406
mean leave guy alone,2026-01-18 14:57:38.823408
yea ok movie sucks. movie already dont great plot but take charm original make mystery thriller bs???,2026-01-18 14:57:38.823410
"first part well done, hard another, but okay one show deal change identity.",2026-01-18 14:57:38.823411
anyone explain ever religious person encounter movie turn lunatic,2026-01-18 14:57:38.823413
3 year next installment,2026-01-18 14:57:38.823415
worf dont look,2026-01-18 14:57:38.823416
movie bad compared first movie. sadly,2026-01-18 14:57:38.823418
....and would gotten away wasnt meddling kids! lmfao,2026-01-18 14:57:38.823419
"125 stupid side note live chico,ca thats 100 not chico history museum.",2026-01-18 14:57:38.823421
movie absolute disaster compared first one really high hope watching first but man miss mark one,2026-01-18 14:57:38.823423
think he wondering jew not jesus make sense not heal fast anymore probably mean second coming christ getting closer,2026-01-18 14:57:38.823424
well nobody said but might well say anyone like long life im happy maybe end meet good luck,2026-01-18 14:57:38.823426
"wth kinda ending that.... stupid religious kid go crazy stab him, end cave six week later?",2026-01-18 14:57:38.823427
"12325 messiah, messiah! monty python life brian reference movie, prequel watched life brian between. think somebody production star trek fan. picked dr phlox john billingsley immediately, but not worf michael dorn credits.",2026-01-18 14:57:38.823429
anyone notice painting?,2026-01-18 14:57:38.823430
sorry didnt even last 10 mintes... person directedmade slaughterd idea first movie. go beyond bad.,2026-01-18 14:57:38.823432
loved first one covered journey history. told lifetime experiences. one focused one life jesus. ok movie but would impossible eclipse original,2026-01-18 14:57:38.823434
"someone tell there review film talk entirely different story? story john outed public, apparently witnessed student suicide decided walk ocean end? would genuinely like know whether crazy different version, author review article high something",2026-01-18 14:57:38.823435
good sequel but could used star trek actor,2026-01-18 14:57:38.823437
movie pretty good. first one absolutely excellent,2026-01-18 14:57:38.823438
personally first muvie way much better watch second part thinking going meet fellow teacher believed end look much older theme,2026-01-18 14:57:38.823440
5550 hot,2026-01-18 14:57:38.823442
not gripping first one 2007,2026-01-18 14:57:38.823444
"dang , disappointing sequel . insipid . sound track suck .",2026-01-18 14:57:38.823446
as comparred first part,2026-01-18 14:57:38.823447
even part 3 this?,2026-01-18 14:57:38.823449
actor played john good job still overall movie wasnt focused around enough felt like soap opera,2026-01-18 14:57:38.823450
14000 year much living 2000 year would great.,2026-01-18 14:57:38.823452
dogshit movie,2026-01-18 14:57:38.823454
hate,2026-01-18 14:57:38.823455
3 year another sequel!!!!! im still healthy,2026-01-18 14:57:38.823457
sequel simply highlander movie,2026-01-18 14:57:38.823459
one bit weak student find out. john able erase id leaf but let jenkins print book not know it?,2026-01-18 14:57:38.823460
"movie disappointment. not watch it, liked first one.",2026-01-18 14:57:38.823462
know not like part 1 .. but sad reality gen z.. frustrate see 4 gen z. but waht is... love john oldman..... inspired write something,2026-01-18 14:57:38.823464
there part2??? cant wait watch,2026-01-18 14:57:38.823465
college student say respect safe use proceeds tase tie up.,2026-01-18 14:57:38.823467
"sequel nobody asked for, movie nobody wanted",2026-01-18 14:57:38.823468
"they, whoever are, turned wonderful philosophical movie escape witch mountain movie.",2026-01-18 14:57:38.823470
2nd movie made money sex coould set cuz sexualize stuff sum reason amr,2026-01-18 14:57:38.823472
pourquoi c pa en franais???? domage,2026-01-18 14:57:38.823473
professor shaman realy thought wouldve name based 2007 movie got big name sequal see man yhey leave cliffhanger lile gonna make third oooo keep going tk introduce existence people tk populace doc lab somewhere not dad hospital cause doc old cant beleave dad alive,2026-01-18 14:57:38.823475
think guy mentioned post credit could man john thought like last saw train station,2026-01-18 14:57:38.823477
"well, actually every muslim knowns prophet dyed hair beard natural dying plant. called henna.",2026-01-18 14:57:38.823479
well movie total shit nothing compared first wish never watched,2026-01-18 14:57:38.823480
thanks warnings. wont watch it. guessed would diappointment.. first scene usual banal self absorbed american teenager .,2026-01-18 14:57:38.823482
"kid stab him, next scene he cave 6 week later wtf ? first movie awesome one ok missing scene pissed off.",2026-01-18 14:57:38.823484
"no no no noooo hell !! sequel not necessary , stupid....what wanna smart, rich fakely smart idiot thought could turn something else... dont need watch crap.",2026-01-18 14:57:38.823485
"student painful watch. feel like people behind sequel didnt quite understand magic first movie. but since damage already done, would watch 3rd installment anyway. left quite cliffhanger end.",2026-01-18 14:57:38.823487
internet never existed john oldman would never found,2026-01-18 14:57:38.823489
bad history,2026-01-18 14:57:38.823491
"hope third one better second one, first one good enough thinking second film suppose litlle bit better that, respect actor not talking than.",2026-01-18 14:57:38.823492
grt movie,2026-01-18 14:57:38.823494
"great movies. course, rightist wont like shake faith fundamental leftist wont like give oriental philosophy inconvenient edge.",2026-01-18 14:57:38.823496
2.4.24 please ! excellent story especially assemble reset next one.,2026-01-18 14:57:38.823497
would loved second one meeting man immortal trying prove story eatch other.,2026-01-18 14:57:38.823499
"actually highlander, one",2026-01-18 14:57:38.823501
wont survive china facial recognition digital id,2026-01-18 14:57:38.823502
ruin first part,2026-01-18 14:57:38.823504
first one little masterpiece good movie,2026-01-18 14:57:38.823506
"think last man fbi second man john described first part, guy similar him.",2026-01-18 14:57:38.823507
well wow loved movie hype release course no doubt straight video bin encase mass find fab,2026-01-18 14:57:38.823509
"thats ending lol. hurting kids, potential serial killer theory. dumb.",2026-01-18 14:57:38.823511
first movie masterpiece but sequel unfortunately not great,2026-01-18 14:57:38.823512
"bullshit,",2026-01-18 14:57:38.823514
"better end first part, guys. dont watch failure.",2026-01-18 14:57:38.823516
worf????????,2026-01-18 14:57:38.823518
"would immortal stay radar digital age? concept, intrigue me. amount fake paper license need get every 10 years. get discovered bunch kid dont mystery machine dog. understand u big country california large state, chance john running someone knew past slim none, but going santa clarita chico 6 hour drive, least cross state line start again.",2026-01-18 14:57:38.823520
waiting trilogi,2026-01-18 14:57:38.823522
wonder there plan 3rd movie 2027?,2026-01-18 14:57:38.823523
though not good first. think illustrates jesus would return not. mean actually looking it. chance jesus bible wouldnt correct hed preach peace love want make heaven here. modern day christianity couldnt accept that.,2026-01-18 14:57:38.823525
movie left flatter wanted.,2026-01-18 14:57:38.823527
first one definitely better. dont need kid b added movie. cheapens it.,2026-01-18 14:57:38.823528
tara hate club assemble,2026-01-18 14:57:38.823530
storytelling much progressive captivating first part.,2026-01-18 14:57:38.823531
wanna unsee shit,2026-01-18 14:57:38.823533
would rather not watch part,2026-01-18 14:57:38.823535
truth always hurt,2026-01-18 14:57:38.823537
timing different,2026-01-18 14:57:38.823538
im sorry but college kid really pissed lol,2026-01-18 14:57:38.823540
no need make sequel.,2026-01-18 14:57:38.823542
"ha ha ha! typical christian mental gymnastics belief arent threatened. enjoyed first one more, still liked one. tend enjoy if? moviesshows, alternate history.",2026-01-18 14:57:38.823543
dont know but 2 movie fav ...something possibility real scenario . great movies. always hoping second one found lol.,2026-01-18 14:57:38.823545
"1041 thought would rest movie shot 1 place like first, case university lecture, young diverse audience show generational cultural difference show perception thing changed 1997, like prevalent atheism, debate go there. used google every 5 second watching first movie, but used twice. wasted opportunity.",2026-01-18 14:57:38.823547
"ive rewatched 1st movie countless time but putting watching one due reviews, always making wrong decision life guess time ruin image great movie watching garbage",2026-01-18 14:57:38.823548
"hate critical, but dont bother.",2026-01-18 14:57:38.823550
christian shouldnt say bullshit,2026-01-18 14:57:38.823552
audio muffled films? boosted treble backed bass still muffle city.,2026-01-18 14:57:38.823553
"fbi agent immortal john spoke first movie. appears serial killer, perhaps name jack.",2026-01-18 14:57:38.823555
"would much interested watch movie coming back contact immortal met less opposite john, selfdestructive hedonist us knowledge immortality personal gain watch debate way live state humanity.",2026-01-18 14:57:38.823557
"well,they fucked woke diversity shit climate change hoax.if could unsee would.",2026-01-18 14:57:38.823558
"1st movie hit sky... dont make sequel, not gonna touch first one..",2026-01-18 14:57:38.823560
"people act like lifetime exciting last. experience different. try recreate one still differences. age people geography religious beliefs, even government bodies. earth school. learn lesson pas test. repeat grade. people spend majority life single lesson. one let go attachmentbaggage, evolve.",2026-01-18 14:57:38.823562
"ah god! young actor bad character written painfully poorly. know love film see sequel bad feel couldve done much better job writing around similar framework, characters, fact research provided. make possible sequel come close first one little. poorly done. hope wasnt crew everything well. dont even want know would take away love first one. look like college project movie young actor salary college credit scored c. not enough metaphor symbolisms. 2 dimensional characters. unnecessary kitriss show john chickmagnet. youd think writer 14000 year learnt better not break right disappears even need deep long relationship first place... not even 110th gripping sprinkled enigma, knowledge, curiosity, heart philosophy first one.",2026-01-18 14:57:38.823563
lmao tell director turned grumpy old man two movies.,2026-01-18 14:57:38.823565
lo mat al philip por loquito fantico religioso,2026-01-18 14:57:38.823567
"john talked end era, turning human healing like one, grey hair... look profesor talking apparently fbi agent, knew john, picture floor right side.... nice gesture john .",2026-01-18 14:57:38.823568
"good part movie fbi agent end, probably guy john mentioned first movie guy 1600. rest part 2 awful..",2026-01-18 14:57:38.823570
happened sandy?,2026-01-18 14:57:38.823571
3 .,2026-01-18 14:57:38.823573
"think end referencessets plot person john met 2007 film thought like him. third film could man killer. point possible man considers god simply doesnt care. hed similar habit tactic john, he even know based shared conversation. safety could benefit keep tab shadow john life nefarious deeds.",2026-01-18 14:57:38.823575
loved first one. sequel without doubt worst movie ever watched lmao,2026-01-18 14:57:38.823576
"movie good, but another horrible ending",2026-01-18 14:57:38.823578
juat finished first one again. left john end. this? murder her? dun dun dunnn,2026-01-18 14:57:38.823580
im confused john jesus guy. obviously john could lie also living time living different identity throughout could master art lying. phillip missed mind heck,2026-01-18 14:57:38.823581
idea behind kid dialogue terrible. absolutely terrible. first one way better shouldve stopped,2026-01-18 14:57:38.823583
liked it. john girlfriend expressing surprise leaving didnt really gel. 10 year told hed leave hed done dozen time before.,2026-01-18 14:57:38.823584
movie made angry... kid suck much... religious kid bad actor written character...,2026-01-18 14:57:38.823586
student woooooorst actor character ever written... asian hirl.and slut r bad,2026-01-18 14:57:38.823588
movie attack truth. lol,2026-01-18 14:57:38.823589
"broke house it, went little rail",2026-01-18 14:57:38.823591
"think fine sequel used dramatic approach cant imagine way could expand story original matching vibe without feeling rehashed. good exploration topic faith enlightenment. bit light compared original, dont think conflictdriven plot hindered it. but god sake, ending... point not samuel l jackson show ask join avengers? lmao",2026-01-18 14:57:38.823594
"love first bit, think it, man would think become, new generation today even baffled, desensitized manner thing eg porn, gore war, 100 years?",2026-01-18 14:57:38.823597
not great follow but liked watching it. ending seemed uncertain direction. immortal identity changing serial killer nod start trek wolf fold episode.,2026-01-18 14:57:38.823599
kid nosy?,2026-01-18 14:57:38.823602
movie trash compared first,2026-01-18 14:57:38.823604
"okay, not great part 1. anyone else notice two star trek klingon actor films. warf.",2026-01-18 14:57:38.823605
come many star trek actor this???,2026-01-18 14:57:38.823607
"anyone didnt like wasnt like original. check sunset limited sam jackson agent k. two guy talking life morality, suicide. good!",2026-01-18 14:57:38.823608
"man earth 2. loved it! hooked way through. spoiler also, understanding mother earth. doesnt remember formative years, couldve millions. earth start dying modern pollution, he. first movie didnt care whether believed him. wondered was. clearly wasnt human, though fbi guy gave lucifer vibes. hope get another 10 year",2026-01-18 14:57:38.823610
"story man earth 1,,, hope thats reality",2026-01-18 14:57:38.823612
film dogshit,2026-01-18 14:57:38.823613
709 know mohammed married 6 year old girl consumated marriage 9. 50.,2026-01-18 14:57:38.823615
happened phillip,2026-01-18 14:57:38.823617
,2026-01-18 14:57:38.823618
"11520 scene closest first movie. discussion someone absolute awe despite knowing entire faith crumbling every word person utters. john oldman, first movie tied chair. way philip kneel eye wide open succumbing 14,000 year old man. everything scene crap.",2026-01-18 14:57:38.823620
ever example ruin masterpiece.,2026-01-18 14:57:38.823621
dont understand fbi agent thing confusing anyone.john mentioned met immortal part 1.,2026-01-18 14:57:38.823623
"christgod follower shooting person couldve jesus, not faith guided him, but disprove man could directly prof christgod follower worship death, death possible resurrection teaching becomes relevant, become real truth. bad nuestra seora de la santa muerte guise love fellow man, truth is, love death soul reunited precious christgod.",2026-01-18 14:57:38.823625
"man born caveman, thrall pure survivalism, immortal. man chose path peace love hundred not thousand year initial discovery immortality, could ruin faith? unless, youre admit entirety christgod faith worships, relies upon solely death apex faith, wouldnt ruin anything. believe rise again, live without birth, though...? could jesus live again, without birth, jesus dead? christgod worshipper worship death, sole root faith. one many reason ive rejected it. many good teachings, but focus end human life quite terrifying tbh.",2026-01-18 14:57:38.823627
,2026-01-18 14:57:38.823628
"wtf girl tryng fck john oldman stupid, look like someone writed prn version man earth",2026-01-18 14:57:38.823630
"thing first movie every character reacted like rational person would, disbelief but still doubt roaming head, feel like not case here. since made age, rational person would come conclusion since ive seen grow old discredit every came made. pull away immersion fact none intelectual academic analizes this. make harder believe unlike first one.",2026-01-18 14:57:38.823631
remember guy part 1 film john said met guy like around 1600s but didnt believe time but 200 year later saw train station never seen him. think end scene fbi agent guy. met 17th century. let know theory.,2026-01-18 14:57:38.823633
yeah.... thats right.... silent.... still.... leave no footprint.. keep no attachments... but keep head down...,2026-01-18 14:57:38.823635
"ready 3th work film like serie. great actor, longo make caracter again!",2026-01-18 14:57:38.823636
"movie disgrace original, awful disgusted even watched this.",2026-01-18 14:57:38.823638
annoying bunch students! guess people unusual story wisdom tied chair persecuted.,2026-01-18 14:57:38.823640
"halfway movie think crazy trying expose somebody thats alive 14,000 years. like bro obviously trying not identified,",2026-01-18 14:57:38.823641
"108 knew it, writer going make christian fucking lunatic ....................",2026-01-18 14:57:38.823643
italian language dubbing ?,2026-01-18 14:57:38.823645
,2026-01-18 14:57:38.823646
think sequel hinted immortal john said met past taught think immortal fbi agent serial killer checking see anyone suspect anything john immortal move around creates fake identity like john except he serial killer mirror biblical symbolism cain abel hence focused jesus much left open another sequel philip thought john died like ppl long ago john said thought jesus strung threw tomb resurrected think fbi agent killed philip john resurrected sort cave tomb,2026-01-18 14:57:38.823648
art serial killer,2026-01-18 14:57:38.823650
"hi, thanks posting",2026-01-18 14:57:38.823651
guess think immoral maybe alexander great attila hun third opinion julius caesar.,2026-01-18 14:57:38.823653
movie not bad but not good original one!!!,2026-01-18 14:57:38.823655
like sad jim carrey,2026-01-18 14:57:38.823657
"first movie,even though one room, idk but thought amazing brilliantly written. one, started slowly, picked little, got good, abruptly ended stupid place actually annoyed lol. really good ending resolution, could good, but personally im really disappointed wirh ending",2026-01-18 14:57:38.823658
good film made corona....,2026-01-18 14:57:38.823660
angela carsetti? he angel? mysterious man john met 1600s?,2026-01-18 14:57:38.823662
dont know ppl dont like part. obviously not like 1st part but dont be.,2026-01-18 14:57:38.823664
10,2026-01-18 14:57:38.823665
hope make third sequel 2027,2026-01-18 14:57:38.823667
"now, imagine storyline different. chase wilderness confront history but john realizes cant let expose him, start hunting them, rambo style, but old teacher friend help saying take here, go... go delete record existing, everywhere, that, vanishes, like kayser soze, never seen again.",2026-01-18 14:57:38.823669
"would rather not watch part, knew going like this, stuff happening movie happens weird way, differently first part, completely masterpiece",2026-01-18 14:57:38.823671
love idea someone still living normal healthy life born cromagnun period. best example human species.,2026-01-18 14:57:38.823672
moral story invest early dont tell yourself.,2026-01-18 14:57:38.823674
"kid need put jail 14000 years. kidnapping, assualt, stalking, attempted manslaughter.",2026-01-18 14:57:38.823676
man young boy really ruin mood,2026-01-18 14:57:38.823678
movie doesnt magic first part!,2026-01-18 14:57:38.823679
"......uuuuh, dont know guys... 4 minute dont think watch this...",2026-01-18 14:57:38.823684
part 2 fail,2026-01-18 14:57:38.823686
four year tye next movie! please dooo,2026-01-18 14:57:38.823687
"im honest student character sequel didnt like, think u agree even though found john true student no right go digging john past personal life none business, but thanks classic human curiosity someone like john sadly never live peace sequel prof people find youve lived thousand year think key solving not religious mystery but humanity greatest mysteries. anyway student no one blame but john wanting leave, wanted stay badly shouldve left alone pretended didnt know really was. mean know student thinking shouldnt confront john really but still.",2026-01-18 14:57:38.823689
harry?,2026-01-18 14:57:38.823691
guy came end?,2026-01-18 14:57:38.823692
"offer head right start, haaaaaaaaaa! xd",2026-01-18 14:57:38.823694
"make it? total opposite firsts. enjoyed every second first, maturity story telling. one look like b grade kid movie. waiting something happen, but didnt. skipped almost 60.",2026-01-18 14:57:38.823696
crap been.,2026-01-18 14:57:38.823698
cant wait part 3,2026-01-18 14:57:38.823700
"kid one bunch creepy, stalker psychos. actual egocentric sadists. stalk him, take picture he sleeping, kidnap him, stab him, tase him, sexually assault him, break home, spread personal information, manipulate people. none show sign remorse regret. oblivious evil action are. confronted talk life career ruined.",2026-01-18 14:57:38.823702
jesus jesus christ superstar cuz bogeyed aint,2026-01-18 14:57:38.823704
horseshit,2026-01-18 14:57:38.823705
rationalization sharp edge blasphemy,2026-01-18 14:57:38.823707
wish didnt waste time watching sequel. could stoped first one.,2026-01-18 14:57:38.823709
"wasnt good all. storyline went sideways, teen actor sucked, no flow originality first film. total fail. complete failure storyline editing.",2026-01-18 14:57:38.823711
fbi guy definitelly imortal. no doubts.,2026-01-18 14:57:38.823712
type kid id beat,2026-01-18 14:57:38.823714
wish spend like least 15 minute bush craft. must mastered ton crafting techniques. much resource youtube used reference.,2026-01-18 14:57:38.823716
quel film ! jespre quil aura une suite !,2026-01-18 14:57:38.823718
4 student movie dumbest people ive seen. dumber people religious fanatic especially islamists.,2026-01-18 14:57:38.823719
last scene imagine fbi agent immortal john talked first movie theory though,2026-01-18 14:57:38.823721
cant leave good movie alone,2026-01-18 14:57:38.823723
man literally crying....do wait 2027 part 3 never coming,2026-01-18 14:57:38.823724
"watch second part??? believe first part complete story, part unknown made beautiful maybe part two might ruin part one well. let know watched.",2026-01-18 14:57:38.823726
prequel highlander!!!?,2026-01-18 14:57:38.823728
"feel like made tv christian movie, lol. alright",2026-01-18 14:57:38.823729
crente foda.,2026-01-18 14:57:38.823731
john young formerly known john oldman also known godemperor mankind,2026-01-18 14:57:38.823733
liked eveything movie except fort making chirstian bad guy truly pissed,2026-01-18 14:57:38.823734
"would cool part 3, didnt like ending much part 2.",2026-01-18 14:57:38.823736
4 year boy gals..,2026-01-18 14:57:38.823738
anyone else notice van gogh art house post credit scene?,2026-01-18 14:57:38.823740
"not good first one. ive seen better acting porn, better story line wwe hear piano movie 45 minute ill go insane.",2026-01-18 14:57:38.823741
see 2027,2026-01-18 14:57:38.823743
happened girl went end first movie shes gone???,2026-01-18 14:57:38.823745
hoping would prequel showing story time,2026-01-18 14:57:38.823747
"understand ad in, but every 5 min ad 3x volume movie. wtf!?!",2026-01-18 14:57:38.823748
"mehhhh. writing could better. dialogue nearly unbelievable. couldve workshop lot longer. rest ok, not stellar",2026-01-18 14:57:38.823750
also good but first one way better,2026-01-18 14:57:38.823752
absolutely garbage follow,2026-01-18 14:57:38.823754
next part 2027,2026-01-18 14:57:38.823755
midroll scene dumb hell. movie doesnt even hold candle first film. yes distinction.,2026-01-18 14:57:38.823757
"first part end positive note, second part end like john actually immortal devil slowly shaking people belief jesus christ completely negative way end picture. ending positive, sad, reality, fantasy, hope, etc. but ending bad back square one.",2026-01-18 14:57:38.823759
part 3?!,2026-01-18 14:57:38.823761
"disappointed season, not expand theorizes, insight past live. not show contention student view classroom, but, attempted student hold hostage nothing akin first season episode. flat. sequel uplift second season. rate second season holocene 95.",2026-01-18 14:57:38.823762
"pretty good sequel. yes, not awesome first one but still decent..",2026-01-18 14:57:38.823764
fbi guy immortal guy talked first movie,2026-01-18 14:57:38.823766
less four year sequel.,2026-01-18 14:57:38.823767
people made one first one.,2026-01-18 14:57:38.823769
"im glad see story bit fleshed out, but could lot better was.",2026-01-18 14:57:38.823771
disney kid actor suck ball movie. shitty acting,2026-01-18 14:57:38.823772
man earth part 1 httpsyoutu.beg5fjr658cqs,2026-01-18 15:08:21.751012
kid mutt,2026-01-18 15:08:21.751019
please make series make sequel movie,2026-01-18 15:08:21.751022
99 christian exactly philip basement.,2026-01-18 15:08:21.751024
"watched first one, wonderful but one come nowhere near it. plus hated students, claimed love professor even said wanted learn but no problem stalking him, invade home, belonging impose forcibly life. not one person decency point none anyone right thing him? kid fake called ambulance instead duck taped poor guy chair felt belief challenged worst all. yes young felt strongly faith but quickly betray core faith. action proved humanity still undeserving greatness miracles. history proves, every time humanity given something divine, miraculous amazing, instead trying understand feel fortunate enough witness it, decided vilify it, torture crush till gone destroyed. add insult injury go say want believe. professor said angry wanted oldman, but reality acted way student stabbed oldman, albeit less drastic way. couldnt admit action ruined career. kind real friend, would never tried friend, especially oldman already explained friend needed move difficult life various reasons. instead empathising even marveling possibility meeting person, response oldman, ridiculous evil him. tried profit olmans secret purposely put target oldmans back but didnt think would backfire destroy career, resulting becoming bitter old man. least, would liked seen four student pay did, see realisation part cruel nothing short selfish whether oldman thought not, came upon something incredible, destroyed never come close again. least, might given something film. first film various character thoughts, feeling deal learned friend. im not sure anyone watched show called forever, brilliant show refreshing intelligent new take someone discovering immortal trying figure even possible. show making something completely new intriguing but like thought provoking shows, got axed became hooked. yes, fact show called forever got cancelled soon after, isnt lost me. no 3 man earth story, feel creator forever one could real justice.",2026-01-18 15:08:21.751026
hmmm... ending scene fbi agent bwas really weird messed up! whole part 2 felt like highjacking part 1!,2026-01-18 15:08:21.751028
guy look like jim carrey!,2026-01-18 15:08:21.751030
perfect sequel.,2026-01-18 15:08:21.751031
philip john tape chair basement? right? john get stabbed knife? dont think thats knife would use anything.,2026-01-18 15:08:21.751033
think immortal serial killer one wen see jenkins,2026-01-18 15:08:21.751035
painful watch,2026-01-18 15:08:21.751037
year 2026. still year go third part,2026-01-18 15:08:21.751039
didnt know mark webber acted!,2026-01-18 15:08:21.751043
"first movie great. sequel poor attempt cashing original. poor writing, poor acting dreadful ending.",2026-01-18 15:08:21.751047
total trash,2026-01-18 15:08:21.751051
first film masterpiece! love it. italian version this? least subtitles? grazie,2026-01-18 15:08:21.751055
nabi idris ga sih,2026-01-18 15:08:21.751059
. . . . . . . . . . . . . . . . . . . . . . . . . .,2026-01-18 15:08:21.751061
"pretty poor, that.",2026-01-18 15:08:21.751063
first movie absolute masterpiece. second part big downgrade shouldnt come first place,2026-01-18 15:08:21.751065
"fun fact, bottle whiskey 1960 wouldnt go bad stored cupboard quality doesnt improve time bottle.",2026-01-18 15:08:21.751066
keep getting crucified whenever people find secret he trying escape live life. no wonder hide,2026-01-18 15:08:21.751068
"how, how? im fresh watching first part not believe bad is.",2026-01-18 15:08:21.751070
"looking first movie ended watching entire movie accident. imagine confusion. fortunately, found first one after.",2026-01-18 15:08:21.751072
"lmao, movie bad compared first one. still, entertaining",2026-01-18 15:08:21.751074
liko busta.,2026-01-18 15:08:21.751076
wish theyd make tv series based story told first movie.,2026-01-18 15:08:21.751078
"first movie great, but sequel destroyed rabid christians. usual approach jesus movie sit back, laugh, enjoy bad acting cheap sets. couldnt one kept remembering first one, was, large part, monologue additional character time time. oh well, there aways ten commandents next rainy day.",2026-01-18 15:08:21.751080
hunch but 2027 next movie.. 2007 part 1 2017 part 2 2027 part 3?,2026-01-18 15:08:21.751082
im waiting part 3 year 2027,2026-01-18 15:08:21.751083
philip right! john antichrist. true. john must kill philip keep secret,2026-01-18 15:08:21.751087
"story writer take role character live it. scenario good time name discovered book, writer imagination failed began flounder randomly end story. decision go wilderness good one, thats exactly would done place. but short moment could prolonged everyone following something happening, like getting lost wilderness. could showcased survival skill interesting discussion around campfire. first part inspiring. envisioned many enjoyable parts, dont think id want watch episode might ruin ive already seen. author, given first part contained truth, would made second part showcase man ability expertise hiding, escaping, conversing, dodging, talking, surviving, on.",2026-01-18 15:08:21.751091
"sequel never needed yet,",2026-01-18 15:08:21.751095
"really liked first movie, part 2 watch like porn without sex...",2026-01-18 15:08:21.751099
"people must admit no god anything like exist replica anything ,like bible replica book like",2026-01-18 15:08:21.751103
jesus also fake one like god claim,2026-01-18 15:08:21.751105
hm,2026-01-18 15:08:21.751109
fk,2026-01-18 15:08:21.751113
"shoudnnt ending, first great, believe last one mean one, made around breaking religions, making human realize not religion humanity, kindness, equlibrium bw human nature.",2026-01-18 15:08:21.751115
dissapointing... havent seen end yet but feel like attempt sequel...,2026-01-18 15:08:21.751117
think shouldnt made part 2. effect original movie.,2026-01-18 15:08:21.751119
,2026-01-18 15:08:21.751121
"1730 favourite scene whole movie. metaphor nothing lasting forever, warm humour, john friend not clue took friend name vain",2026-01-18 15:08:21.751125
wild bad comparatively. im halfway sad,2026-01-18 15:08:21.751129
god damn no way good compariosn part 1,2026-01-18 15:08:21.751133
"tara true 49er. shes 4, but think shes 9.",2026-01-18 15:08:21.751136
first movie still best,2026-01-18 15:08:21.751139
four student anti christ.,2026-01-18 15:08:21.751140
student insufferable movie. whoever wrote shit clearly didnt understand first movie made great,2026-01-18 15:08:21.751142
stay radar. work university,2026-01-18 15:08:21.751144
"hasnt aged 14,000 years, but aged quite bit last 10 years.",2026-01-18 15:08:21.751146
"movie isnt immortal caveman, jesus, mortal captain planet no power create interesting universe, remove interesting thing brilliant",2026-01-18 15:08:21.751148
"david lee smith understated performance, melancholic expression, brooding silence really get mood right portraying. something tragic lonely man living forever nail it. compelling story. loved first movie. always get story like pit stomach",2026-01-18 15:08:21.751151
could better,2026-01-18 15:08:21.751154
monotheism root evil done name religion world.,2026-01-18 15:08:21.751157
,2026-01-18 15:08:21.751159
,2026-01-18 15:08:21.751161
please let run campaign part 3 released 2027!!!,2026-01-18 15:08:21.751164
"doctor jenkins, art , next victim.",2026-01-18 15:08:21.751165
arruinaron la escencia,2026-01-18 15:08:21.751167
"something definitely wrong students, christian student",2026-01-18 15:08:21.751169
guy thee post credit scene 13904,2026-01-18 15:08:21.751171
ruined... part 1 brilliance,2026-01-18 15:08:21.751173
good movie though,2026-01-18 15:08:21.751175
exposed? movie show selfish humanity is.,2026-01-18 15:08:21.751177
"1745, flying f shoot 75 year old scotch???????",2026-01-18 15:08:21.751179
like useless conversation web show pas time,2026-01-18 15:08:21.751181
shade edith! christian fundamentalist always biggest problem dealing things? jesus christ no pun intended.,2026-01-18 15:08:21.751183
ti con nt ranh vo p2 ny c v nh din sai lm chng n lm hng p2 ny ri,2026-01-18 15:08:21.751185
hell shit,2026-01-18 15:08:21.751186
second part almost came 10 year john change location every 10 year,2026-01-18 15:08:21.751188
"loved first film, but second one terrible.....",2026-01-18 15:08:21.751190
"man ruin legacy first one , completely ruined first one amazing idea , amazing acting , amazing ending left",2026-01-18 15:08:21.751192
"first movie made genius storyteller, articulated confidence. stupidity thats another kind confidence.",2026-01-18 15:08:21.751193
"currently 2809 , reason part not like near 25002800 no basis attach prof young prof old not good start part 1 3200 3400 . 3700 bunch teenager go house young started searching like disturbed major flaw part 1",2026-01-18 15:08:21.751195
waiting part 3 2027 !!!! please like comment wanna support wait,2026-01-18 15:08:21.751197
seems movie goal discredit christianity script written lucifer,2026-01-18 15:08:21.751199
honestly disappointing,2026-01-18 15:08:21.751202
"proof humanity not ready hear bible religious book fary tell, create heaven earth but love lied",2026-01-18 15:08:21.751204
"movie crap compared first movie. college kid movie annoying, irresponsible acting terrible. first movie masterpiece. this?",2026-01-18 15:08:21.751206
kid truly crazy.,2026-01-18 15:08:21.751208
waiting part 3 2027,2026-01-18 15:08:21.751209
original thought provoking. pile teenage waistland crap.,2026-01-18 15:08:21.751211
"sorry, but dumbest piece shit ive ever seen.",2026-01-18 15:08:21.751213
"first one much better , one throe everything first one did, mystery, wonder true history john alive 14000 year last decade done know going die, end era come on... screw good plot, sake plot twist.... good tale thrown away, know go back time prequel. cause fucked up...",2026-01-18 15:08:21.751215
masterpiece,2026-01-18 15:08:21.751217
"sequal doesnt deserve part masterpiece,,, first part based idea , knowledge, curiosity, knowing , among knowledgeable people...those cast member know acting ...but seeing bunch college students.. asking stupid questions..and expressionless acting ..i disappointed man ..",2026-01-18 15:08:21.751219
"one stupid sequel, no coment",2026-01-18 15:08:21.751220
feel like im watching porn,2026-01-18 15:08:21.751222
,2026-01-18 15:08:21.751224
,2026-01-18 15:08:21.751226
,2026-01-18 15:08:21.751228
"awful pivot away original. discovered movie 3 hour ago watched back back. supporting character braindead caricature made stupid useless change john character. first movie magical character hyperintelligent unique personalities, offering interesting individualized perspective john. first movie genuinely one greatest thing ive ever seen. feel like written single weekend someone saw original movie, didnt understand it, decade later paid make sequal based memory alone.",2026-01-18 15:08:21.751229
actual hell whole philip part end? actual brain melting writing.,2026-01-18 15:08:21.751232
sidhhartha gautam indian nepal told ? make make sense,2026-01-18 15:08:21.751234
true story .... prophets. saint,2026-01-18 15:08:21.751235
"previously raved man earth possibly best film ever seen. man earth halocene mediocre, best. former philosophical introspective, socalled sequel preachy sophomoric. et cetera...",2026-01-18 15:08:21.751237
hallmark movie atheist,2026-01-18 15:08:21.751239
turn he immortal serial killer? lololol,2026-01-18 15:08:21.751241
empowerment godly people,2026-01-18 15:08:21.751243
,2026-01-18 15:08:21.751244
"im wondering 1st movie , told friend secret. wonder act alone made start age. would explain starting age since time 10 year",2026-01-18 15:08:21.751246
blecchhh!,2026-01-18 15:08:21.751249
didnt high hope sequel first really good good there,2026-01-18 15:08:21.751252
"found nitpicking pretty much start, watched two back back. going im not healing fast. entirely retconned part made first tantalizing. wasnt healing speed, didnt scar. whole student think he hot thing weird feel like anime, descent already questionable student thing first movie. im also confounded student connecting dot blinding pace seemingly disregarding consequence like tresspassing, shouldnt let scotfree. plus course many loose end left without satisfying closure, stark contrast neat bowtie first, still left thing ambiguous. plus course student reading like three book day entirely break semblance suspension disbelief. think there solid idea movie, student figuring thing could make good premise done course semester, though think religion bit laid awfully thick point counterintuitively almost felt preachy. fbi bit end really could half movie satisfying payoff, but instead cheap setup third movie.",2026-01-18 15:08:21.751255
well... definitely full hollow scenes.,2026-01-18 15:08:21.751259
"haha, cant wait 2027",2026-01-18 15:08:21.751263
cop come life im sure million criminal thought.,2026-01-18 15:08:21.751267
"doesnt make sense would leave van go behind? would suck lose gift long lost friend, but thousand year get back, would leave it. would rationalize friend would want not end lab somewhere guinea pig.",2026-01-18 15:08:21.751270
okay cool director. 1st movie gaindd following due mystery way john never truly answered questions. one take many unnecessary plots. but sadly part story. way could see working third movie never happen maybe instead aging start become younger. another commentor said fbi agent could possible immortal john met. could cat mouse game maybe. sequel really delve faster healing well. first one never suggested also suggested learned slow body such. not heal within week stabbed gut.,2026-01-18 15:08:21.751274
wow might worse sequel.,2026-01-18 15:08:21.751278
worf!!!!!l,2026-01-18 15:08:21.751281
"feel nothing like original, lost thing made original good. even script feel poorly written comparison",2026-01-18 15:08:21.751284
blonde college girl fucking fine im not even focused plot john would folded,2026-01-18 15:08:21.751288
"take amazing movie, make complete dogshit sequel. fucking embarrassing",2026-01-18 15:08:21.751292
"simply not good original one. honestly fact first one good heavy lifting making sequel decent. perhaps different writer studio demand behind fails capture original. whatever case clearly missed made first one interesting. focus suppose man. not students. not coworkers past present. not religious aspect. man. single place. without top theatrics. conversation someone wise seeing much yet also humble admit also know little. edit add final scene credit want film. honest, simple conversation open minded people one location. mid credit scene happens stunned tone deaf is. clearly whomever wrote scene particular not get concept people loved first one all. frankly hope third film made scene ignored, erased never brought beyond go opposite direction it.",2026-01-18 15:08:21.751295
10522 lens shot on? bokeh ball shape im not used to.,2026-01-18 15:08:21.751299
lot star trek people movie,2026-01-18 15:08:21.751302
boy john aged,2026-01-18 15:08:21.751305
even whiskey spoils!,2026-01-18 15:08:21.751309
"single compelling part movie me, shadowcovered fbi agent end, questions. could whole movie faceless federal agent recanting exploit via question random witness old new character left wonder john, another immortal. ....in 1983, man matching description killed compound full follower waco, texas, think he capa... ....in 1969, man matching description robbed museum stole old photographs.... ...in 2010, man matching description set fire security camera saving life convenience store clerk. . would that?",2026-01-18 15:08:21.751313
"kept waiting john outwit kid one question, like tom hank green mile stand god. tell him... killed one gifts? thought job?!",2026-01-18 15:08:21.751317
kid pissed much.,2026-01-18 15:08:21.751321
"try, but hard unsee feminization hollywood. two movie after. 1.all woman smart bos babe men bumbling idiots. aside john, not one capable man story. even killer church boy couldnt competently stab devil tied chair. everything favor righteousness, time, motivation, even stationary target messed up, like fool. 2.all woman belowhollywoodlevel attractive men feminine. unlike now, past actress usually exceptionally beautiful unless role call purposely unattractive, like misery. world tia carrera cameron diaz exists, best looking diverse girl could find? churchboy couldnt chiseled jaw, like churchboyfootball player american pie todd breaking bad? john second girlfriend chunky, but first girl artsy, waif professorhollywood archetype. realistic part movie damaged college girl attempted s3xully assault john, thought attractive actually was. ive seen woman build try make not conventionally attractive overtly aggressive. part believable. unbelievable that, rejection, didnt make victimassault story cover mistake. fact, normalized, soon ran away shame tear 90 sure going make false accusation move plot direction. surprised moral backbone override ego. jilted girl, common scenario workplaces, probably schools, too.",2026-01-18 15:08:21.751325
"reading comment think movie potential fantastic sequel. however storyline mr boat, script whack. steven seagal keanu reef xmen type shoot em brain dead action script, something little smart intelligent scifi. following religious storyline think fall flat beat dead donkey first one. first one revelation movie discovery. really could kept revelation going. maybe even made period piece gone back time. yes act look old but youre like beard no problem. many interesting possibility but pander religious nuts. shame. really could got mind character 2 mean lived 14,000 year maybe want die. made mortal suppose gonna kill thats end that. shame.",2026-01-18 15:08:21.751328
loved first one one hard watch,2026-01-18 15:08:21.751331
many people seeing clip first movie watching this?,2026-01-18 15:08:21.751335
5111 hate kids.,2026-01-18 15:08:21.751339
"yup, quick browse comment figured, better keep mystery.",2026-01-18 15:08:21.751342
broo john shoulda smahhhh dat bihhh god nem,2026-01-18 15:08:21.751346
10 year gap movie awsome lol but gonna handle aging. squared 10 year but dont think 10,2026-01-18 15:08:21.751350
much better thought would,2026-01-18 15:08:21.751354
jesus freak always going deep end,2026-01-18 15:08:21.751357
collage student made painful watch,2026-01-18 15:08:21.751361
talmudic propaganda,2026-01-18 15:08:21.751364
"lol better buying motor cycle taking student, glad im not one thought off. got confirmation movie itself. edit oh shit wrote book talkin bout. wonder mention buying motor cycle riding student. reedit havent laughed hard ages, movie master piece rereedit phillip literally shayne topp character crime portion",2026-01-18 15:08:21.751368
"bad director cant seem let good story good ending alone, try extend either abandon fail understand first one good.",2026-01-18 15:08:21.751372
glad kept original cast. not sure jesus character. aged much,2026-01-18 15:08:21.751376
"pig underrated pets, super smart, super friendly actually clean trainable",2026-01-18 15:08:21.751379
kid pretty stupid lol,2026-01-18 15:08:21.751383
single aggravating movie ive seen 10 year spectacularly terrible,2026-01-18 15:08:21.751387
fuck hunk shit? first one great.,2026-01-18 15:08:21.751390
skipping movie much watched like 30 min it. wtf ending. john anvenger now? also he dying saw child die. thats it. ever see one child die. no. foreshadowed end 1.,2026-01-18 15:08:21.751394
look like phil modern family lol,2026-01-18 15:08:21.751398
"movie isnt good first one, but still decent. however, worst trend history cinema college kid joke every single thing happens glad trend pretty much over. no one, history, ever talked like that.",2026-01-18 15:08:21.751401
veteran actor kid seem acting first time life. kid acting literally painful,2026-01-18 15:08:21.751405
5120 begin talking god head say son god literally next word say im not saying he son god cant mistaken signs. relationship god amazingly awesome. love,2026-01-18 15:08:21.751409
cant wait another one 2027.,2026-01-18 15:08:21.751412
"was..... disappointing say least, not expecting sequel all... writing first movie absent",2026-01-18 15:08:21.751416
"well, movie took unexpectedly dark twist.",2026-01-18 15:08:21.751420
"yeah nah, saw first one accident 611 done already",2026-01-18 15:08:21.751423
remember john said met guy like past said would keep touch...he said thought saw but missed him. next part provide closure but ride end worth it!!!,2026-01-18 15:08:21.751427
movie much worse... unlucky,2026-01-18 15:08:21.751430
butcher first one..,2026-01-18 15:08:21.751434
construction dialogue first movie smart. thoughtful answer followed logically derived questions. second movie scenario amateur acting little thought development. hard pass. admitted waste time. nap would valuable.,2026-01-18 15:08:21.751438
"pathetic. man purportedly life 14000 years, yet whole life reduced one middle eastern fairytale not 2000 year old, probably got written middle age anyway. pathetic. whole scope humanity reduced one fiction.",2026-01-18 15:08:21.751442
ad make unwatchable,2026-01-18 15:08:21.751445
po sequel.,2026-01-18 15:08:21.751449
khatra aise hi young aur rafical maa bap se hai fesh ko,2026-01-18 15:08:21.751454
"actually like it. not bad like comment says. worrying young actors, but good characters, auch shame isnt part3 end story line end part2.",2026-01-18 15:08:21.751458
"wish sequel actor david lee smith , tv series. knew movie late. but impossible cause dlsmith would old continue story line here. director lucky actually find actor actually almost didnt age 10years.",2026-01-18 15:08:21.751461
strange ending. seems though better ending would visit harrys dad. not credit scene like something marvel movie.,2026-01-18 15:08:21.751464
"watching first movie, kept engaged entire duration it. even though didnt action, anything besides people room. one however, annoying watch. kid brain capacity squirrels. discussion brainrotted. conclusion stupid. atleast one student shouldve brought scientific approach but non did. not even good acting yo",2026-01-18 15:08:21.751468
garbage acc shat first movie this.,2026-01-18 15:08:21.751471
first one good enough. one bad cinema.,2026-01-18 15:08:21.751475
agree blonde fbi agent end christian kid tried kill ? checked hair line same.,2026-01-18 15:08:21.751478
"hit pause blink watching first one, fast forward second 2x speed",2026-01-18 15:08:21.751482
"people pissy sequel? people whining attitude boomer critizing star war prequels. let nostalgia cloud critical thinking. story change evolve time, experience never replicated again, time is!! chaos change! different story! appreciate stop getting mad want watch thing over. human uncomfortable change want control can, order prevent suffering. still keep spirit theme alive. shame didnt funding keep going make grandiose story implying going be.",2026-01-18 15:08:21.751486
"1 ,2 .. .",2026-01-18 15:08:21.751504
"first movie genius script thought provoking , second pissed first , third highlander mlvie !? j hope not",2026-01-18 15:08:21.751507
"could made way better , movie kinda suck .... big time , dude survived 14 k cook rent girl ? nah sci fi definitely",2026-01-18 15:08:21.751511
2100 cooking girlfriend instead going drink mate beginning end,2026-01-18 15:08:21.751514
13050 look younger guy who supposed live forever,2026-01-18 15:08:21.751517
probably dumbest part 2 ive ever seen....... come guy really? literal gold mine hands.,2026-01-18 15:08:21.751522
brutto film il seguito,2026-01-18 15:08:21.751525
whole fcked masterpiece,2026-01-18 15:08:21.751529
"jiji, still watch. feling bit old guess hehe, hug frae scotland alexander john murray",2026-01-18 15:08:21.751532
"watched man earth holocene back back. first movie masterpiece praise give less, sequel even doesnt reached beauty original felt like story going correct direction showing consequence telling secret other, making connection different life lives. story premise movie extremely rich execution first commendable sequel fell felt face. like philosophical movie one must watch, future sequel, movie but premise get diluted genres. personally, would love see prequel john immortal meet would great, john aspect philosophical nature human instinctive human based end credit",2026-01-18 15:08:21.751536
"trash. bad writing regurgitating previously done concept worse version. 1st one okay ... make masterpiece wasnt, nice concept wrapped bunch drivel saved end son died.",2026-01-18 15:08:21.751539
"best sequel could plot professor oldman meet person mentioned part 1 similar like thousand year old saw train station but lost crowd. imagine discussing sharing length information regarding history, religion, cults, extra terrestrial contact ancient tribes, invention time travel machine nazi time, secret experiment different country not. once, imagine guy played none keanu reaves. end, keanu reaves say per knowledge, total 5 people including even older two somewhere world. story would ended embark journey find remaining 3 people. immature cringe acting kid extent spoilt whole seriousness movie.",2026-01-18 15:08:21.751543
"dog sht desecration jerome bixbys ouevre sequel supposed be. shame successor led memorialize nonsense was. no structure, weird segues, half baked jab introspective question original screenplay raised. please go familiarize legacy work jerome bixby.",2026-01-18 15:08:21.751546
imo man earth spinoff comic book,2026-01-18 15:08:21.751550
pitiful.,2026-01-18 15:08:21.751553
1,2026-01-18 15:08:21.751557
"comment section interesting, say least. not interesting see people mind go back inside box soon subject require take path thanking, exploration questioning, frightened destroy paradise created themselves, risking everything way, sacrificing important quest life get truth.",2026-01-18 15:08:21.751560
"kid terrible people, self righteous religious zealots. always wary someone need supreme creator universe tell decent human being.",2026-01-18 15:08:21.751564
"unbelievable. youve club cab pickup, dont go back regular cab.",2026-01-18 15:08:21.751567
really couldve better. but first one great.,2026-01-18 15:08:21.751571
stupid christian boy going hell wonder believer like whole faith made,2026-01-18 15:08:21.751574
think guy end immortal met but he serial killer im assuming something,2026-01-18 15:08:21.751578
horrible... but watched guess creator got watch time,2026-01-18 15:08:21.751581
"best film hadnt saw, now. great sequence underrated. come 2027",2026-01-18 15:08:21.751585
thr second movie deems like parody sequel 1st part lol needed screentime john not bunch whinng little kid,2026-01-18 15:08:21.751589
n tem legendado???,2026-01-18 15:08:21.751592
whole movie could john tied chair interrogated student would better close first one style,2026-01-18 15:08:21.751596
could cain but forgot,2026-01-18 15:08:21.751600
im willing bet one girl didnt help spread word thing probably coulda convinced talk but said like crapnits happening yet another crusade,2026-01-18 15:08:21.751603
"first movie genius, pure gold, maybe jerome bixby cromagnon century hone writing skill emerson regular human chef dentist.",2026-01-18 15:08:21.751606
"like first movie one best movie ive ever seen, one worst movie ive ever seen. bad writing, bad acting, entirely losing plot first movie, overall backtracking thing made first movie great. movie like shawshank redemption made sequel andy go become murderer escaping sentenced receive death penalty, basically destroying everything built first movie. literally jaw floor dawned movie ended poorly written nonsensical manner. 110",2026-01-18 15:08:21.751610
last stupid but need part three,2026-01-18 15:08:21.751614
would suck live 14k years. imagine witnessing horror mankind. death ultimate reset life.,2026-01-18 15:08:21.751617
let ending.but anything possible eh.,2026-01-18 15:08:21.751622
fck,2026-01-18 15:08:21.751625
"took science fiction concept john character made bullshit straight vod flick. imovie as transitions, worst camera work youve ever seen life. sound design deaf person. camera work blind person. wow!! love movie shitty much tho",2026-01-18 15:08:21.751629
omg comedically bad,2026-01-18 15:08:21.751633
got hyped hearing sequel. 2min completely garbage but thisll good movie watch shit friend,2026-01-18 15:08:21.751636
"first movie 1010, second movie one 210",2026-01-18 15:08:21.751640
look like he going case xfiles now!,2026-01-18 15:08:21.751643
thats thats ends? dumbass sequel,2026-01-18 15:08:21.751646
waste...,2026-01-18 15:08:21.751649
student reenforced dislike teenager young adult,2026-01-18 15:08:21.751653
"11.11.2024 sadly, screenwriter go ending suggests young caucasian christian college student grows become j.edgar hoover gman serial killer rage not finding real jesus christ. waanhwaanh.. original better didnt try solve mystery.",2026-01-18 15:08:21.751656
ruining ? anyway... cant wait watch 3rd part 2027,2026-01-18 15:08:21.751660
dont read comment watch it. pretty good.,2026-01-18 15:08:21.751663
altsimo mierdon,2026-01-18 15:08:21.751667
2027 please.,2026-01-18 15:08:21.751671
"not good original, but worth watch companion piece. made tv series pilot initially, thats bit structured differently. original 9 10 me, 7 but seen original . standalone really isnt , id rate little lower 6.",2026-01-18 15:08:21.751674
id love see third movie,2026-01-18 15:08:21.751678
still looked good age hate still like movie hoping part 3,2026-01-18 15:08:21.751681
men black end other???,2026-01-18 15:08:21.751685
"gusto mucho, e una buena secuela, ojal hagan la tercera",2026-01-18 15:08:21.751688
"first movie, john mentioned someone immortal like him. maybe guy serial killer mentioned part.",2026-01-18 15:08:21.751693
part3????,2026-01-18 15:08:21.751696
nothing like first part,2026-01-18 15:08:21.751700
"reading comments, im not going waste time watching it.",2026-01-18 15:08:21.751703
didnt like ending all. didnt give kind closure anything anyone...,2026-01-18 15:08:21.751707
lol comment likedislikeratio dont match,2026-01-18 15:08:21.751710
gonna leave cliff hanger like,2026-01-18 15:08:21.751714
,2026-01-18 15:08:21.751718
"4556. picked plastic way back mountains.. good message, fit story kind man was.. caring people .. caring earth... made real. kudos writers.",2026-01-18 15:08:21.751721
way ended pissed,2026-01-18 15:08:21.751725
en franais svp,2026-01-18 15:08:21.751729
shame mixed disappointed,2026-01-18 15:08:21.751732
mind blowing sense,2026-01-18 15:08:21.751737
think...the actor mature good actor ! not noobs . spoiled whole mood first part got !,2026-01-18 15:08:21.751740
"fuk, disappointed",2026-01-18 15:08:21.751744
"please dont watch this, not worth expectation. literal waste watching part1",2026-01-18 15:08:21.751747
first movie really good. but b class crap,2026-01-18 15:08:21.751750
become follower good but blind follower bullshit. religion doesnt make blind priest that.,2026-01-18 15:08:21.751753
isbthere third one?,2026-01-18 15:08:21.751757
isnt funny hollywood producing movie advertisement like last 60 years. leave jbirds.,2026-01-18 15:08:21.751760
u notice van gohh last scene john fabricated identy body found 1 year ago doctor,2026-01-18 15:08:21.751764
"first movie entirely shot single room, still hold everyone end, however doesnt even come close that.",2026-01-18 15:08:21.751768
second movie not bad,2026-01-18 15:08:21.751772
"shame, doesnt come close original movie. waste time!! could degrade piece art much original was, putting typical student without logical sense sex heads!!",2026-01-18 15:08:21.751776
"ok, 4 jesus",2026-01-18 15:08:21.751779
"perfect depiction brain damage religion inflicts people, lol.",2026-01-18 15:08:21.751783
first part kept thinking week wen first watched it....such underrated movie true cult masterpiece....,2026-01-18 15:08:21.751787
"please unpublish movie internet , insult part 1",2026-01-18 15:08:21.751790
perdi su esencia no e como la primera parte,2026-01-18 15:08:21.751793
third sequel come 2027.,2026-01-18 15:08:21.751796
excellent thank,2026-01-18 15:08:21.751799
"four student like believer days, care teacher",2026-01-18 15:08:21.751802
"different first one, but not worst movie ive watched. felt like ended way abruptly tho",2026-01-18 15:08:21.751805
wife person left end movie?,2026-01-18 15:08:21.751809
"damn, bad movie",2026-01-18 15:08:21.751812
"see lot people comment talking not good first, but point think well enough everyone agree man earth far greatest film ever seen, holocene pretty good movie.",2026-01-18 15:08:21.751815
"comparando com primeiro, na minha opinio perdeu essncia, simplicidade e papo cabea que tinha no primeiro no existe nessa sequencia. ficou em aberto mais esperado uma sequencia, no teve plot igual primeiro. bem fraco, mais foi bom ver uma continuao, poderia ter uma terceira parte.",2026-01-18 15:08:21.751818
"moment drank whiskey gone bad spell go show nothing last forever.. gosh, line alone killed little depth left teenager segment..",2026-01-18 15:08:21.751821
man wtf ending... like... skip something???,2026-01-18 15:08:21.751824
son said year ago didnt want come back would treated again. great example man stupidity.,2026-01-18 15:08:21.751827
lazy writing,2026-01-18 15:08:21.751829
so...... not blasphemous missing something?,2026-01-18 15:08:21.751832
"well, forgave judash. girl joke savage",2026-01-18 15:08:21.751835
"character jesus not indecisive, regretful, unsure path. felt story would much better told author known jesus wrote.",2026-01-18 15:08:21.751838
people believe want believe,2026-01-18 15:08:21.751841
first movie left thinking. second enhances story human being weakness . not thoughtprovoking,2026-01-18 15:08:21.751844
unbearably bad compared 1st part sad say,2026-01-18 15:08:21.751846
master piece man waiting next one 2027,2026-01-18 15:08:21.751849
religious always refuse accept fact believe mythos story made people,2026-01-18 15:08:21.751853
not great movie. really enjoyed first one spite ridiculous premise. but poorly made.,2026-01-18 15:08:21.751855
director not making more. tf cast? kid extremely irritating!,2026-01-18 15:08:21.751857
"make lot sense would captured, regardless modern day. one place speaking next next....every country would curious scared government would go get",2026-01-18 15:08:21.751858
"coming shorts,",2026-01-18 15:08:21.751860
made damn sequel???,2026-01-18 15:08:21.751862
"enjoyed one, not good first but still enjoyable",2026-01-18 15:08:21.751863
"devil, lollardyism misguided human blasphemy bad pornographic meet lifetime movie soundtrack dulled threnody pleasant, albeit bloated, minutes. thanks.",2026-01-18 15:08:21.751865
dumb kids...thats birth control needed,2026-01-18 15:08:21.751866
philip edith nut,2026-01-18 15:08:21.751868
compared first one terrible god,2026-01-18 15:08:21.751870
nail fact jesus returned wouldnt know wether laugh cry.,2026-01-18 15:08:21.751871
"dont understand student didnt send professor 2 original photos. one partially obscured full side profile. would easily recognisable, especially someone met real life friend him.",2026-01-18 15:08:21.751873
decent sequel like mainstream cinema storytelling but nothing like masterpiece 1st one was....,2026-01-18 15:08:21.751874
thing going smooth. tara designed destined idiot,2026-01-18 15:08:21.751876
"seen man too, africa. 2 year ago, started talking budha stuff.",2026-01-18 15:08:21.751878
seen first movie genuinely changed way live thinking time not time left little but choose hell point movie man lived 14000 year ago thats it?,2026-01-18 15:08:21.751879
well 3 year gona third film,2026-01-18 15:08:21.751881
mean leave guy alone,2026-01-18 15:08:21.751882
yea ok movie sucks. movie already dont great plot but take charm original make mystery thriller bs???,2026-01-18 15:08:21.751884
"first part well done, hard another, but okay one show deal change identity.",2026-01-18 15:08:21.751885
anyone explain ever religious person encounter movie turn lunatic,2026-01-18 15:08:21.751887
3 year next installment,2026-01-18 15:08:21.751889
worf dont look,2026-01-18 15:08:21.751890
movie bad compared first movie. sadly,2026-01-18 15:08:21.751892
....and would gotten away wasnt meddling kids! lmfao,2026-01-18 15:08:21.751893
"125 stupid side note live chico,ca thats 100 not chico history museum.",2026-01-18 15:08:21.751895
movie absolute disaster compared first one really high hope watching first but man miss mark one,2026-01-18 15:08:21.751897
think he wondering jew not jesus make sense not heal fast anymore probably mean second coming christ getting closer,2026-01-18 15:08:21.751898
well nobody said but might well say anyone like long life im happy maybe end meet good luck,2026-01-18 15:08:21.751900
"wth kinda ending that.... stupid religious kid go crazy stab him, end cave six week later?",2026-01-18 15:08:21.751901
"12325 messiah, messiah! monty python life brian reference movie, prequel watched life brian between. think somebody production star trek fan. picked dr phlox john billingsley immediately, but not worf michael dorn credits.",2026-01-18 15:08:21.751903
anyone notice painting?,2026-01-18 15:08:21.751905
sorry didnt even last 10 mintes... person directedmade slaughterd idea first movie. go beyond bad.,2026-01-18 15:08:21.751906
loved first one covered journey history. told lifetime experiences. one focused one life jesus. ok movie but would impossible eclipse original,2026-01-18 15:08:21.751908
"someone tell there review film talk entirely different story? story john outed public, apparently witnessed student suicide decided walk ocean end? would genuinely like know whether crazy different version, author review article high something",2026-01-18 15:08:21.751909
good sequel but could used star trek actor,2026-01-18 15:08:21.751911
movie pretty good. first one absolutely excellent,2026-01-18 15:08:21.751912
personally first muvie way much better watch second part thinking going meet fellow teacher believed end look much older theme,2026-01-18 15:08:21.751914
5550 hot,2026-01-18 15:08:21.751915
not gripping first one 2007,2026-01-18 15:08:21.751918
"dang , disappointing sequel . insipid . sound track suck .",2026-01-18 15:08:21.751919
as comparred first part,2026-01-18 15:08:21.751921
even part 3 this?,2026-01-18 15:08:21.751922
actor played john good job still overall movie wasnt focused around enough felt like soap opera,2026-01-18 15:08:21.751924
14000 year much living 2000 year would great.,2026-01-18 15:08:21.751925
dogshit movie,2026-01-18 15:08:21.751927
hate,2026-01-18 15:08:21.751928
3 year another sequel!!!!! im still healthy,2026-01-18 15:08:21.751930
sequel simply highlander movie,2026-01-18 15:08:21.751932
one bit weak student find out. john able erase id leaf but let jenkins print book not know it?,2026-01-18 15:08:21.751933
"movie disappointment. not watch it, liked first one.",2026-01-18 15:08:21.751935
know not like part 1 .. but sad reality gen z.. frustrate see 4 gen z. but waht is... love john oldman..... inspired write something,2026-01-18 15:08:21.751937
there part2??? cant wait watch,2026-01-18 15:08:21.751938
college student say respect safe use proceeds tase tie up.,2026-01-18 15:08:21.751939
"sequel nobody asked for, movie nobody wanted",2026-01-18 15:08:21.751941
"they, whoever are, turned wonderful philosophical movie escape witch mountain movie.",2026-01-18 15:08:21.751942
2nd movie made money sex coould set cuz sexualize stuff sum reason amr,2026-01-18 15:08:21.751944
pourquoi c pa en franais???? domage,2026-01-18 15:08:21.751946
professor shaman realy thought wouldve name based 2007 movie got big name sequal see man yhey leave cliffhanger lile gonna make third oooo keep going tk introduce existence people tk populace doc lab somewhere not dad hospital cause doc old cant beleave dad alive,2026-01-18 15:08:21.751947
think guy mentioned post credit could man john thought like last saw train station,2026-01-18 15:08:21.751949
"well, actually every muslim knowns prophet dyed hair beard natural dying plant. called henna.",2026-01-18 15:08:21.751950
well movie total shit nothing compared first wish never watched,2026-01-18 15:08:21.751952
thanks warnings. wont watch it. guessed would diappointment.. first scene usual banal self absorbed american teenager .,2026-01-18 15:08:21.751954
"kid stab him, next scene he cave 6 week later wtf ? first movie awesome one ok missing scene pissed off.",2026-01-18 15:08:21.751956
"no no no noooo hell !! sequel not necessary , stupid....what wanna smart, rich fakely smart idiot thought could turn something else... dont need watch crap.",2026-01-18 15:08:21.751958
"student painful watch. feel like people behind sequel didnt quite understand magic first movie. but since damage already done, would watch 3rd installment anyway. left quite cliffhanger end.",2026-01-18 15:08:21.751961
internet never existed john oldman would never found,2026-01-18 15:08:21.751962
bad history,2026-01-18 15:08:21.751964
"hope third one better second one, first one good enough thinking second film suppose litlle bit better that, respect actor not talking than.",2026-01-18 15:08:21.751965
grt movie,2026-01-18 15:08:21.751967
"great movies. course, rightist wont like shake faith fundamental leftist wont like give oriental philosophy inconvenient edge.",2026-01-18 15:08:21.751969
2.4.24 please ! excellent story especially assemble reset next one.,2026-01-18 15:08:21.751971
would loved second one meeting man immortal trying prove story eatch other.,2026-01-18 15:08:21.751972
"actually highlander, one",2026-01-18 15:08:21.751974
wont survive china facial recognition digital id,2026-01-18 15:08:21.751975
ruin first part,2026-01-18 15:08:21.751977
first one little masterpiece good movie,2026-01-18 15:08:21.751978
"think last man fbi second man john described first part, guy similar him.",2026-01-18 15:08:21.751980
well wow loved movie hype release course no doubt straight video bin encase mass find fab,2026-01-18 15:08:21.751981
"thats ending lol. hurting kids, potential serial killer theory. dumb.",2026-01-18 15:08:21.751983
first movie masterpiece but sequel unfortunately not great,2026-01-18 15:08:21.751984
"bullshit,",2026-01-18 15:08:21.751986
"better end first part, guys. dont watch failure.",2026-01-18 15:08:21.751987
worf????????,2026-01-18 15:08:21.751989
"would immortal stay radar digital age? concept, intrigue me. amount fake paper license need get every 10 years. get discovered bunch kid dont mystery machine dog. understand u big country california large state, chance john running someone knew past slim none, but going santa clarita chico 6 hour drive, least cross state line start again.",2026-01-18 15:08:21.751994
waiting trilogi,2026-01-18 15:08:21.751996
wonder there plan 3rd movie 2027?,2026-01-18 15:08:21.751997
though not good first. think illustrates jesus would return not. mean actually looking it. chance jesus bible wouldnt correct hed preach peace love want make heaven here. modern day christianity couldnt accept that.,2026-01-18 15:08:21.751999
movie left flatter wanted.,2026-01-18 15:08:21.752000
first one definitely better. dont need kid b added movie. cheapens it.,2026-01-18 15:08:21.752002
tara hate club assemble,2026-01-18 15:08:21.752003
storytelling much progressive captivating first part.,2026-01-18 15:08:21.752005
wanna unsee shit,2026-01-18 15:08:21.752006
would rather not watch part,2026-01-18 15:08:21.752008
truth always hurt,2026-01-18 15:08:21.752010
timing different,2026-01-18 15:08:21.752013
im sorry but college kid really pissed lol,2026-01-18 15:08:21.752015
no need make sequel.,2026-01-18 15:08:21.752017
"ha ha ha! typical christian mental gymnastics belief arent threatened. enjoyed first one more, still liked one. tend enjoy if? moviesshows, alternate history.",2026-01-18 15:08:21.752020
dont know but 2 movie fav ...something possibility real scenario . great movies. always hoping second one found lol.,2026-01-18 15:08:21.752023
"1041 thought would rest movie shot 1 place like first, case university lecture, young diverse audience show generational cultural difference show perception thing changed 1997, like prevalent atheism, debate go there. used google every 5 second watching first movie, but used twice. wasted opportunity.",2026-01-18 15:08:21.752026
"ive rewatched 1st movie countless time but putting watching one due reviews, always making wrong decision life guess time ruin image great movie watching garbage",2026-01-18 15:08:21.752029
"hate critical, but dont bother.",2026-01-18 15:08:21.752032
christian shouldnt say bullshit,2026-01-18 15:08:21.752035
audio muffled films? boosted treble backed bass still muffle city.,2026-01-18 15:08:21.752038
"fbi agent immortal john spoke first movie. appears serial killer, perhaps name jack.",2026-01-18 15:08:21.752041
"would much interested watch movie coming back contact immortal met less opposite john, selfdestructive hedonist us knowledge immortality personal gain watch debate way live state humanity.",2026-01-18 15:08:21.752044
"well,they fucked woke diversity shit climate change hoax.if could unsee would.",2026-01-18 15:08:21.752046
"1st movie hit sky... dont make sequel, not gonna touch first one..",2026-01-18 15:08:21.752049
"people act like lifetime exciting last. experience different. try recreate one still differences. age people geography religious beliefs, even government bodies. earth school. learn lesson pas test. repeat grade. people spend majority life single lesson. one let go attachmentbaggage, evolve.",2026-01-18 15:08:21.752052
"ah god! young actor bad character written painfully poorly. know love film see sequel bad feel couldve done much better job writing around similar framework, characters, fact research provided. make possible sequel come close first one little. poorly done. hope wasnt crew everything well. dont even want know would take away love first one. look like college project movie young actor salary college credit scored c. not enough metaphor symbolisms. 2 dimensional characters. unnecessary kitriss show john chickmagnet. youd think writer 14000 year learnt better not break right disappears even need deep long relationship first place... not even 110th gripping sprinkled enigma, knowledge, curiosity, heart philosophy first one.",2026-01-18 15:08:21.752055
lmao tell director turned grumpy old man two movies.,2026-01-18 15:08:21.752058
lo mat al philip por loquito fantico religioso,2026-01-18 15:08:21.752060
"john talked end era, turning human healing like one, grey hair... look profesor talking apparently fbi agent, knew john, picture floor right side.... nice gesture john .",2026-01-18 15:08:21.752063
"good part movie fbi agent end, probably guy john mentioned first movie guy 1600. rest part 2 awful..",2026-01-18 15:08:21.752066
happened sandy?,2026-01-18 15:08:21.752069
3 .,2026-01-18 15:08:21.752073
"think end referencessets plot person john met 2007 film thought like him. third film could man killer. point possible man considers god simply doesnt care. hed similar habit tactic john, he even know based shared conversation. safety could benefit keep tab shadow john life nefarious deeds.",2026-01-18 15:08:21.752076
loved first one. sequel without doubt worst movie ever watched lmao,2026-01-18 15:08:21.752079
"movie good, but another horrible ending",2026-01-18 15:08:21.752082
juat finished first one again. left john end. this? murder her? dun dun dunnn,2026-01-18 15:08:21.752085
im confused john jesus guy. obviously john could lie also living time living different identity throughout could master art lying. phillip missed mind heck,2026-01-18 15:08:21.752088
idea behind kid dialogue terrible. absolutely terrible. first one way better shouldve stopped,2026-01-18 15:08:21.752091
liked it. john girlfriend expressing surprise leaving didnt really gel. 10 year told hed leave hed done dozen time before.,2026-01-18 15:08:21.752094
movie made angry... kid suck much... religious kid bad actor written character...,2026-01-18 15:08:21.752097
student woooooorst actor character ever written... asian hirl.and slut r bad,2026-01-18 15:08:21.752100
movie attack truth. lol,2026-01-18 15:08:21.752104
"broke house it, went little rail",2026-01-18 15:08:21.752106
"think fine sequel used dramatic approach cant imagine way could expand story original matching vibe without feeling rehashed. good exploration topic faith enlightenment. bit light compared original, dont think conflictdriven plot hindered it. but god sake, ending... point not samuel l jackson show ask join avengers? lmao",2026-01-18 15:08:21.752109
"love first bit, think it, man would think become, new generation today even baffled, desensitized manner thing eg porn, gore war, 100 years?",2026-01-18 15:08:21.752112
not great follow but liked watching it. ending seemed uncertain direction. immortal identity changing serial killer nod start trek wolf fold episode.,2026-01-18 15:08:21.752115
kid nosy?,2026-01-18 15:08:21.752119
movie trash compared first,2026-01-18 15:08:21.752123
"okay, not great part 1. anyone else notice two star trek klingon actor films. warf.",2026-01-18 15:08:21.752125
come many star trek actor this???,2026-01-18 15:08:21.752129
"anyone didnt like wasnt like original. check sunset limited sam jackson agent k. two guy talking life morality, suicide. good!",2026-01-18 15:08:21.752131
"man earth 2. loved it! hooked way through. spoiler also, understanding mother earth. doesnt remember formative years, couldve millions. earth start dying modern pollution, he. first movie didnt care whether believed him. wondered was. clearly wasnt human, though fbi guy gave lucifer vibes. hope get another 10 year",2026-01-18 15:08:21.752134
"story man earth 1,,, hope thats reality",2026-01-18 15:08:21.752137
film dogshit,2026-01-18 15:08:21.752140
709 know mohammed married 6 year old girl consumated marriage 9. 50.,2026-01-18 15:08:21.752143
happened phillip,2026-01-18 15:08:21.752146
,2026-01-18 15:08:21.752150
"11520 scene closest first movie. discussion someone absolute awe despite knowing entire faith crumbling every word person utters. john oldman, first movie tied chair. way philip kneel eye wide open succumbing 14,000 year old man. everything scene crap.",2026-01-18 15:08:21.752153
ever example ruin masterpiece.,2026-01-18 15:08:21.752156
dont understand fbi agent thing confusing anyone.john mentioned met immortal part 1.,2026-01-18 15:08:21.752158
"christgod follower shooting person couldve jesus, not faith guided him, but disprove man could directly prof christgod follower worship death, death possible resurrection teaching becomes relevant, become real truth. bad nuestra seora de la santa muerte guise love fellow man, truth is, love death soul reunited precious christgod.",2026-01-18 15:08:21.752161
"man born caveman, thrall pure survivalism, immortal. man chose path peace love hundred not thousand year initial discovery immortality, could ruin faith? unless, youre admit entirety christgod faith worships, relies upon solely death apex faith, wouldnt ruin anything. believe rise again, live without birth, though...? could jesus live again, without birth, jesus dead? christgod worshipper worship death, sole root faith. one many reason ive rejected it. many good teachings, but focus end human life quite terrifying tbh.",2026-01-18 15:08:21.752164
,2026-01-18 15:08:21.752168
"wtf girl tryng fck john oldman stupid, look like someone writed prn version man earth",2026-01-18 15:08:21.752170
"thing first movie every character reacted like rational person would, disbelief but still doubt roaming head, feel like not case here. since made age, rational person would come conclusion since ive seen grow old discredit every came made. pull away immersion fact none intelectual academic analizes this. make harder believe unlike first one.",2026-01-18 15:08:21.752173
remember guy part 1 film john said met guy like around 1600s but didnt believe time but 200 year later saw train station never seen him. think end scene fbi agent guy. met 17th century. let know theory.,2026-01-18 15:08:21.752177
yeah.... thats right.... silent.... still.... leave no footprint.. keep no attachments... but keep head down...,2026-01-18 15:08:21.752180
"ready 3th work film like serie. great actor, longo make caracter again!",2026-01-18 15:08:21.752183
"movie disgrace original, awful disgusted even watched this.",2026-01-18 15:08:21.752186
annoying bunch students! guess people unusual story wisdom tied chair persecuted.,2026-01-18 15:08:21.752189
"halfway movie think crazy trying expose somebody thats alive 14,000 years. like bro obviously trying not identified,",2026-01-18 15:08:21.752192
"108 knew it, writer going make christian fucking lunatic ....................",2026-01-18 15:08:21.752195
italian language dubbing ?,2026-01-18 15:08:21.752197
,2026-01-18 15:08:21.752201
think sequel hinted immortal john said met past taught think immortal fbi agent serial killer checking see anyone suspect anything john immortal move around creates fake identity like john except he serial killer mirror biblical symbolism cain abel hence focused jesus much left open another sequel philip thought john died like ppl long ago john said thought jesus strung threw tomb resurrected think fbi agent killed philip john resurrected sort cave tomb,2026-01-18 15:08:21.752203
art serial killer,2026-01-18 15:08:21.752206
"hi, thanks posting",2026-01-18 15:08:21.752209
guess think immoral maybe alexander great attila hun third opinion julius caesar.,2026-01-18 15:08:21.752212
movie not bad but not good original one!!!,2026-01-18 15:08:21.752215
like sad jim carrey,2026-01-18 15:08:21.752218
"first movie,even though one room, idk but thought amazing brilliantly written. one, started slowly, picked little, got good, abruptly ended stupid place actually annoyed lol. really good ending resolution, could good, but personally im really disappointed wirh ending",2026-01-18 15:08:21.752221
good film made corona....,2026-01-18 15:08:21.752224
angela carsetti? he angel? mysterious man john met 1600s?,2026-01-18 15:08:21.752227
dont know ppl dont like part. obviously not like 1st part but dont be.,2026-01-18 15:08:21.752230
10,2026-01-18 15:08:21.752232
hope make third sequel 2027,2026-01-18 15:08:21.752235
"now, imagine storyline different. chase wilderness confront history but john realizes cant let expose him, start hunting them, rambo style, but old teacher friend help saying take here, go... go delete record existing, everywhere, that, vanishes, like kayser soze, never seen again.",2026-01-18 15:08:21.752238
"would rather not watch part, knew going like this, stuff happening movie happens weird way, differently first part, completely masterpiece",2026-01-18 15:08:21.752240
love idea someone still living normal healthy life born cromagnun period. best example human species.,2026-01-18 15:08:21.752243
moral story invest early dont tell yourself.,2026-01-18 15:08:21.752245
"kid need put jail 14000 years. kidnapping, assualt, stalking, attempted manslaughter.",2026-01-18 15:08:21.752249
man young boy really ruin mood,2026-01-18 15:08:21.752252
movie doesnt magic first part!,2026-01-18 15:08:21.752254
"......uuuuh, dont know guys... 4 minute dont think watch this...",2026-01-18 15:08:21.752257
part 2 fail,2026-01-18 15:08:21.752259
four year tye next movie! please dooo,2026-01-18 15:08:21.752262
"im honest student character sequel didnt like, think u agree even though found john true student no right go digging john past personal life none business, but thanks classic human curiosity someone like john sadly never live peace sequel prof people find youve lived thousand year think key solving not religious mystery but humanity greatest mysteries. anyway student no one blame but john wanting leave, wanted stay badly shouldve left alone pretended didnt know really was. mean know student thinking shouldnt confront john really but still.",2026-01-18 15:08:21.752264
harry?,2026-01-18 15:08:21.752268
guy came end?,2026-01-18 15:08:21.752271
"offer head right start, haaaaaaaaaa! xd",2026-01-18 15:08:21.752273
"make it? total opposite firsts. enjoyed every second first, maturity story telling. one look like b grade kid movie. waiting something happen, but didnt. skipped almost 60.",2026-01-18 15:08:21.752276
crap been.,2026-01-18 15:08:21.752279
cant wait part 3,2026-01-18 15:08:21.752282
"kid one bunch creepy, stalker psychos. actual egocentric sadists. stalk him, take picture he sleeping, kidnap him, stab him, tase him, sexually assault him, break home, spread personal information, manipulate people. none show sign remorse regret. oblivious evil action are. confronted talk life career ruined.",2026-01-18 15:08:21.752285
jesus jesus christ superstar cuz bogeyed aint,2026-01-18 15:08:21.752288
horseshit,2026-01-18 15:08:21.752290
rationalization sharp edge blasphemy,2026-01-18 15:08:21.752293
wish didnt waste time watching sequel. could stoped first one.,2026-01-18 15:08:21.752297
"wasnt good all. storyline went sideways, teen actor sucked, no flow originality first film. total fail. complete failure storyline editing.",2026-01-18 15:08:21.752299
fbi guy definitelly imortal. no doubts.,2026-01-18 15:08:21.752302
type kid id beat,2026-01-18 15:08:21.752305
wish spend like least 15 minute bush craft. must mastered ton crafting techniques. much resource youtube used reference.,2026-01-18 15:08:21.752308
quel film ! jespre quil aura une suite !,2026-01-18 15:08:21.752311
4 student movie dumbest people ive seen. dumber people religious fanatic especially islamists.,2026-01-18 15:08:21.752314
last scene imagine fbi agent immortal john talked first movie theory though,2026-01-18 15:08:21.752317
cant leave good movie alone,2026-01-18 15:08:21.752320
man literally crying....do wait 2027 part 3 never coming,2026-01-18 15:08:21.752323
"watch second part??? believe first part complete story, part unknown made beautiful maybe part two might ruin part one well. let know watched.",2026-01-18 15:08:21.752325
prequel highlander!!!?,2026-01-18 15:08:21.752328
"feel like made tv christian movie, lol. alright",2026-01-18 15:08:21.752331
crente foda.,2026-01-18 15:08:21.752333
john young formerly known john oldman also known godemperor mankind,2026-01-18 15:08:21.752336
liked eveything movie except fort making chirstian bad guy truly pissed,2026-01-18 15:08:21.752339
"would cool part 3, didnt like ending much part 2.",2026-01-18 15:08:21.752342
4 year boy gals..,2026-01-18 15:08:21.752345
anyone else notice van gogh art house post credit scene?,2026-01-18 15:08:21.752348
"not good first one. ive seen better acting porn, better story line wwe hear piano movie 45 minute ill go insane.",2026-01-18 15:08:21.752351
see 2027,2026-01-18 15:08:21.752353
happened girl went end first movie shes gone???,2026-01-18 15:08:21.752355
hoping would prequel showing story time,2026-01-18 15:08:21.752358
"understand ad in, but every 5 min ad 3x volume movie. wtf!?!",2026-01-18 15:08:21.752361
"mehhhh. writing could better. dialogue nearly unbelievable. couldve workshop lot longer. rest ok, not stellar",2026-01-18 15:08:21.752364
also good but first one way better,2026-01-18 15:08:21.752366
absolutely garbage follow,2026-01-18 15:08:21.752369
next part 2027,2026-01-18 15:08:21.752371
midroll scene dumb hell. movie doesnt even hold candle first film. yes distinction.,2026-01-18 15:08:21.752374
"first part end positive note, second part end like john actually immortal devil slowly shaking people belief jesus christ completely negative way end picture. ending positive, sad, reality, fantasy, hope, etc. but ending bad back square one.",2026-01-18 15:08:21.752377
part 3?!,2026-01-18 15:08:21.752380
"disappointed season, not expand theorizes, insight past live. not show contention student view classroom, but, attempted student hold hostage nothing akin first season episode. flat. sequel uplift second season. rate second season holocene 95.",2026-01-18 15:08:21.752383
"pretty good sequel. yes, not awesome first one but still decent..",2026-01-18 15:08:21.752386
fbi guy immortal guy talked first movie,2026-01-18 15:08:21.752389
less four year sequel.,2026-01-18 15:08:21.752391
people made one first one.,2026-01-18 15:08:21.752394
"im glad see story bit fleshed out, but could lot better was.",2026-01-18 15:08:21.752397
disney kid actor suck ball movie. shitty acting,2026-01-18 15:08:21.752400
man earth part 1 httpsyoutu.beg5fjr658cqs,2026-01-18 15:09:52.745419
kid mutt,2026-01-18 15:09:52.745426
please make series make sequel movie,2026-01-18 15:09:52.745431
99 christian exactly philip basement.,2026-01-18 15:09:52.745434
"watched first one, wonderful but one come nowhere near it. plus hated students, claimed love professor even said wanted learn but no problem stalking him, invade home, belonging impose forcibly life. not one person decency point none anyone right thing him? kid fake called ambulance instead duck taped poor guy chair felt belief challenged worst all. yes young felt strongly faith but quickly betray core faith. action proved humanity still undeserving greatness miracles. history proves, every time humanity given something divine, miraculous amazing, instead trying understand feel fortunate enough witness it, decided vilify it, torture crush till gone destroyed. add insult injury go say want believe. professor said angry wanted oldman, but reality acted way student stabbed oldman, albeit less drastic way. couldnt admit action ruined career. kind real friend, would never tried friend, especially oldman already explained friend needed move difficult life various reasons. instead empathising even marveling possibility meeting person, response oldman, ridiculous evil him. tried profit olmans secret purposely put target oldmans back but didnt think would backfire destroy career, resulting becoming bitter old man. least, would liked seen four student pay did, see realisation part cruel nothing short selfish whether oldman thought not, came upon something incredible, destroyed never come close again. least, might given something film. first film various character thoughts, feeling deal learned friend. im not sure anyone watched show called forever, brilliant show refreshing intelligent new take someone discovering immortal trying figure even possible. show making something completely new intriguing but like thought provoking shows, got axed became hooked. yes, fact show called forever got cancelled soon after, isnt lost me. no 3 man earth story, feel creator forever one could real justice.",2026-01-18 15:09:52.745437
hmmm... ending scene fbi agent bwas really weird messed up! whole part 2 felt like highjacking part 1!,2026-01-18 15:09:52.745439
guy look like jim carrey!,2026-01-18 15:09:52.745442
perfect sequel.,2026-01-18 15:09:52.745445
philip john tape chair basement? right? john get stabbed knife? dont think thats knife would use anything.,2026-01-18 15:09:52.745447
think immortal serial killer one wen see jenkins,2026-01-18 15:09:52.745450
painful watch,2026-01-18 15:09:52.745453
year 2026. still year go third part,2026-01-18 15:09:52.745455
didnt know mark webber acted!,2026-01-18 15:09:52.745458
"first movie great. sequel poor attempt cashing original. poor writing, poor acting dreadful ending.",2026-01-18 15:09:52.745461
total trash,2026-01-18 15:09:52.745463
first film masterpiece! love it. italian version this? least subtitles? grazie,2026-01-18 15:09:52.745466
nabi idris ga sih,2026-01-18 15:09:52.745468
. . . . . . . . . . . . . . . . . . . . . . . . . .,2026-01-18 15:09:52.745471
"pretty poor, that.",2026-01-18 15:09:52.745473
first movie absolute masterpiece. second part big downgrade shouldnt come first place,2026-01-18 15:09:52.745476
"fun fact, bottle whiskey 1960 wouldnt go bad stored cupboard quality doesnt improve time bottle.",2026-01-18 15:09:52.745479
keep getting crucified whenever people find secret he trying escape live life. no wonder hide,2026-01-18 15:09:52.745482
"how, how? im fresh watching first part not believe bad is.",2026-01-18 15:09:52.745485
"looking first movie ended watching entire movie accident. imagine confusion. fortunately, found first one after.",2026-01-18 15:09:52.745489
"lmao, movie bad compared first one. still, entertaining",2026-01-18 15:09:52.745492
liko busta.,2026-01-18 15:09:52.745495
wish theyd make tv series based story told first movie.,2026-01-18 15:09:52.745498
"first movie great, but sequel destroyed rabid christians. usual approach jesus movie sit back, laugh, enjoy bad acting cheap sets. couldnt one kept remembering first one, was, large part, monologue additional character time time. oh well, there aways ten commandents next rainy day.",2026-01-18 15:09:52.745500
hunch but 2027 next movie.. 2007 part 1 2017 part 2 2027 part 3?,2026-01-18 15:09:52.745503
im waiting part 3 year 2027,2026-01-18 15:09:52.745506
philip right! john antichrist. true. john must kill philip keep secret,2026-01-18 15:09:52.745508
"story writer take role character live it. scenario good time name discovered book, writer imagination failed began flounder randomly end story. decision go wilderness good one, thats exactly would done place. but short moment could prolonged everyone following something happening, like getting lost wilderness. could showcased survival skill interesting discussion around campfire. first part inspiring. envisioned many enjoyable parts, dont think id want watch episode might ruin ive already seen. author, given first part contained truth, would made second part showcase man ability expertise hiding, escaping, conversing, dodging, talking, surviving, on.",2026-01-18 15:09:52.745511
"sequel never needed yet,",2026-01-18 15:09:52.745514
"really liked first movie, part 2 watch like porn without sex...",2026-01-18 15:09:52.745517
"people must admit no god anything like exist replica anything ,like bible replica book like",2026-01-18 15:09:52.745520
jesus also fake one like god claim,2026-01-18 15:09:52.745522
hm,2026-01-18 15:09:52.745525
fk,2026-01-18 15:09:52.745528
"shoudnnt ending, first great, believe last one mean one, made around breaking religions, making human realize not religion humanity, kindness, equlibrium bw human nature.",2026-01-18 15:09:52.745531
dissapointing... havent seen end yet but feel like attempt sequel...,2026-01-18 15:09:52.745533
think shouldnt made part 2. effect original movie.,2026-01-18 15:09:52.745536
,2026-01-18 15:09:52.745539
"1730 favourite scene whole movie. metaphor nothing lasting forever, warm humour, john friend not clue took friend name vain",2026-01-18 15:09:52.745542
wild bad comparatively. im halfway sad,2026-01-18 15:09:52.745544
god damn no way good compariosn part 1,2026-01-18 15:09:52.745547
"tara true 49er. shes 4, but think shes 9.",2026-01-18 15:09:52.745551
first movie still best,2026-01-18 15:09:52.745554
four student anti christ.,2026-01-18 15:09:52.745557
student insufferable movie. whoever wrote shit clearly didnt understand first movie made great,2026-01-18 15:09:52.745560
stay radar. work university,2026-01-18 15:09:52.745563
"hasnt aged 14,000 years, but aged quite bit last 10 years.",2026-01-18 15:09:52.745566
"movie isnt immortal caveman, jesus, mortal captain planet no power create interesting universe, remove interesting thing brilliant",2026-01-18 15:09:52.745569
"david lee smith understated performance, melancholic expression, brooding silence really get mood right portraying. something tragic lonely man living forever nail it. compelling story. loved first movie. always get story like pit stomach",2026-01-18 15:09:52.745572
could better,2026-01-18 15:09:52.745575
monotheism root evil done name religion world.,2026-01-18 15:09:52.745578
,2026-01-18 15:09:52.745580
,2026-01-18 15:09:52.745584
please let run campaign part 3 released 2027!!!,2026-01-18 15:09:52.745587
"doctor jenkins, art , next victim.",2026-01-18 15:09:52.745590
arruinaron la escencia,2026-01-18 15:09:52.745592
"something definitely wrong students, christian student",2026-01-18 15:09:52.745596
guy thee post credit scene 13904,2026-01-18 15:09:52.745599
ruined... part 1 brilliance,2026-01-18 15:09:52.745601
good movie though,2026-01-18 15:09:52.745604
exposed? movie show selfish humanity is.,2026-01-18 15:09:52.745607
"1745, flying f shoot 75 year old scotch???????",2026-01-18 15:09:52.745610
like useless conversation web show pas time,2026-01-18 15:09:52.745613
shade edith! christian fundamentalist always biggest problem dealing things? jesus christ no pun intended.,2026-01-18 15:09:52.745615
ti con nt ranh vo p2 ny c v nh din sai lm chng n lm hng p2 ny ri,2026-01-18 15:09:52.745618
hell shit,2026-01-18 15:09:52.745621
second part almost came 10 year john change location every 10 year,2026-01-18 15:09:52.745624
"loved first film, but second one terrible.....",2026-01-18 15:09:52.745626
"man ruin legacy first one , completely ruined first one amazing idea , amazing acting , amazing ending left",2026-01-18 15:09:52.745629
"first movie made genius storyteller, articulated confidence. stupidity thats another kind confidence.",2026-01-18 15:09:52.745632
"currently 2809 , reason part not like near 25002800 no basis attach prof young prof old not good start part 1 3200 3400 . 3700 bunch teenager go house young started searching like disturbed major flaw part 1",2026-01-18 15:09:52.745635
waiting part 3 2027 !!!! please like comment wanna support wait,2026-01-18 15:09:52.745637
seems movie goal discredit christianity script written lucifer,2026-01-18 15:09:52.745640
honestly disappointing,2026-01-18 15:09:52.745644
"proof humanity not ready hear bible religious book fary tell, create heaven earth but love lied",2026-01-18 15:09:52.745646
"movie crap compared first movie. college kid movie annoying, irresponsible acting terrible. first movie masterpiece. this?",2026-01-18 15:09:52.745650
kid truly crazy.,2026-01-18 15:09:52.745653
waiting part 3 2027,2026-01-18 15:09:52.745657
original thought provoking. pile teenage waistland crap.,2026-01-18 15:09:52.745660
"sorry, but dumbest piece shit ive ever seen.",2026-01-18 15:09:52.745663
"first one much better , one throe everything first one did, mystery, wonder true history john alive 14000 year last decade done know going die, end era come on... screw good plot, sake plot twist.... good tale thrown away, know go back time prequel. cause fucked up...",2026-01-18 15:09:52.745666
masterpiece,2026-01-18 15:09:52.745669
"sequal doesnt deserve part masterpiece,,, first part based idea , knowledge, curiosity, knowing , among knowledgeable people...those cast member know acting ...but seeing bunch college students.. asking stupid questions..and expressionless acting ..i disappointed man ..",2026-01-18 15:09:52.745672
"one stupid sequel, no coment",2026-01-18 15:09:52.745675
feel like im watching porn,2026-01-18 15:09:52.745677
,2026-01-18 15:09:52.745680
,2026-01-18 15:09:52.745683
,2026-01-18 15:09:52.745686
"awful pivot away original. discovered movie 3 hour ago watched back back. supporting character braindead caricature made stupid useless change john character. first movie magical character hyperintelligent unique personalities, offering interesting individualized perspective john. first movie genuinely one greatest thing ive ever seen. feel like written single weekend someone saw original movie, didnt understand it, decade later paid make sequal based memory alone.",2026-01-18 15:09:52.745690
actual hell whole philip part end? actual brain melting writing.,2026-01-18 15:09:52.745693
sidhhartha gautam indian nepal told ? make make sense,2026-01-18 15:09:52.745696
true story .... prophets. saint,2026-01-18 15:09:52.745699
"previously raved man earth possibly best film ever seen. man earth halocene mediocre, best. former philosophical introspective, socalled sequel preachy sophomoric. et cetera...",2026-01-18 15:09:52.745702
hallmark movie atheist,2026-01-18 15:09:52.745705
turn he immortal serial killer? lololol,2026-01-18 15:09:52.745707
empowerment godly people,2026-01-18 15:09:52.745710
,2026-01-18 15:09:52.745713
"im wondering 1st movie , told friend secret. wonder act alone made start age. would explain starting age since time 10 year",2026-01-18 15:09:52.745716
blecchhh!,2026-01-18 15:09:52.745719
didnt high hope sequel first really good good there,2026-01-18 15:09:52.745721
"found nitpicking pretty much start, watched two back back. going im not healing fast. entirely retconned part made first tantalizing. wasnt healing speed, didnt scar. whole student think he hot thing weird feel like anime, descent already questionable student thing first movie. im also confounded student connecting dot blinding pace seemingly disregarding consequence like tresspassing, shouldnt let scotfree. plus course many loose end left without satisfying closure, stark contrast neat bowtie first, still left thing ambiguous. plus course student reading like three book day entirely break semblance suspension disbelief. think there solid idea movie, student figuring thing could make good premise done course semester, though think religion bit laid awfully thick point counterintuitively almost felt preachy. fbi bit end really could half movie satisfying payoff, but instead cheap setup third movie.",2026-01-18 15:09:52.745724
well... definitely full hollow scenes.,2026-01-18 15:09:52.745727
"haha, cant wait 2027",2026-01-18 15:09:52.745729
cop come life im sure million criminal thought.,2026-01-18 15:09:52.745732
"doesnt make sense would leave van go behind? would suck lose gift long lost friend, but thousand year get back, would leave it. would rationalize friend would want not end lab somewhere guinea pig.",2026-01-18 15:09:52.745735
okay cool director. 1st movie gaindd following due mystery way john never truly answered questions. one take many unnecessary plots. but sadly part story. way could see working third movie never happen maybe instead aging start become younger. another commentor said fbi agent could possible immortal john met. could cat mouse game maybe. sequel really delve faster healing well. first one never suggested also suggested learned slow body such. not heal within week stabbed gut.,2026-01-18 15:09:52.745738
wow might worse sequel.,2026-01-18 15:09:52.745740
worf!!!!!l,2026-01-18 15:09:52.745743
"feel nothing like original, lost thing made original good. even script feel poorly written comparison",2026-01-18 15:09:52.745745
blonde college girl fucking fine im not even focused plot john would folded,2026-01-18 15:09:52.745748
"take amazing movie, make complete dogshit sequel. fucking embarrassing",2026-01-18 15:09:52.745752
"simply not good original one. honestly fact first one good heavy lifting making sequel decent. perhaps different writer studio demand behind fails capture original. whatever case clearly missed made first one interesting. focus suppose man. not students. not coworkers past present. not religious aspect. man. single place. without top theatrics. conversation someone wise seeing much yet also humble admit also know little. edit add final scene credit want film. honest, simple conversation open minded people one location. mid credit scene happens stunned tone deaf is. clearly whomever wrote scene particular not get concept people loved first one all. frankly hope third film made scene ignored, erased never brought beyond go opposite direction it.",2026-01-18 15:09:52.745755
10522 lens shot on? bokeh ball shape im not used to.,2026-01-18 15:09:52.745758
lot star trek people movie,2026-01-18 15:09:52.745761
boy john aged,2026-01-18 15:09:52.745764
even whiskey spoils!,2026-01-18 15:09:52.745767
"single compelling part movie me, shadowcovered fbi agent end, questions. could whole movie faceless federal agent recanting exploit via question random witness old new character left wonder john, another immortal. ....in 1983, man matching description killed compound full follower waco, texas, think he capa... ....in 1969, man matching description robbed museum stole old photographs.... ...in 2010, man matching description set fire security camera saving life convenience store clerk. . would that?",2026-01-18 15:09:52.745770
"kept waiting john outwit kid one question, like tom hank green mile stand god. tell him... killed one gifts? thought job?!",2026-01-18 15:09:52.745773
kid pissed much.,2026-01-18 15:09:52.745776
"try, but hard unsee feminization hollywood. two movie after. 1.all woman smart bos babe men bumbling idiots. aside john, not one capable man story. even killer church boy couldnt competently stab devil tied chair. everything favor righteousness, time, motivation, even stationary target messed up, like fool. 2.all woman belowhollywoodlevel attractive men feminine. unlike now, past actress usually exceptionally beautiful unless role call purposely unattractive, like misery. world tia carrera cameron diaz exists, best looking diverse girl could find? churchboy couldnt chiseled jaw, like churchboyfootball player american pie todd breaking bad? john second girlfriend chunky, but first girl artsy, waif professorhollywood archetype. realistic part movie damaged college girl attempted s3xully assault john, thought attractive actually was. ive seen woman build try make not conventionally attractive overtly aggressive. part believable. unbelievable that, rejection, didnt make victimassault story cover mistake. fact, normalized, soon ran away shame tear 90 sure going make false accusation move plot direction. surprised moral backbone override ego. jilted girl, common scenario workplaces, probably schools, too.",2026-01-18 15:09:52.745779
"reading comment think movie potential fantastic sequel. however storyline mr boat, script whack. steven seagal keanu reef xmen type shoot em brain dead action script, something little smart intelligent scifi. following religious storyline think fall flat beat dead donkey first one. first one revelation movie discovery. really could kept revelation going. maybe even made period piece gone back time. yes act look old but youre like beard no problem. many interesting possibility but pander religious nuts. shame. really could got mind character 2 mean lived 14,000 year maybe want die. made mortal suppose gonna kill thats end that. shame.",2026-01-18 15:09:52.745782
loved first one one hard watch,2026-01-18 15:09:52.745785
many people seeing clip first movie watching this?,2026-01-18 15:09:52.745788
5111 hate kids.,2026-01-18 15:09:52.745791
"yup, quick browse comment figured, better keep mystery.",2026-01-18 15:09:52.745794
broo john shoulda smahhhh dat bihhh god nem,2026-01-18 15:09:52.745797
10 year gap movie awsome lol but gonna handle aging. squared 10 year but dont think 10,2026-01-18 15:09:52.745800
much better thought would,2026-01-18 15:09:52.745803
jesus freak always going deep end,2026-01-18 15:09:52.745806
collage student made painful watch,2026-01-18 15:09:52.745808
talmudic propaganda,2026-01-18 15:09:52.745811
"lol better buying motor cycle taking student, glad im not one thought off. got confirmation movie itself. edit oh shit wrote book talkin bout. wonder mention buying motor cycle riding student. reedit havent laughed hard ages, movie master piece rereedit phillip literally shayne topp character crime portion",2026-01-18 15:09:52.745814
"bad director cant seem let good story good ending alone, try extend either abandon fail understand first one good.",2026-01-18 15:09:52.745816
glad kept original cast. not sure jesus character. aged much,2026-01-18 15:09:52.745819
"pig underrated pets, super smart, super friendly actually clean trainable",2026-01-18 15:09:52.745822
kid pretty stupid lol,2026-01-18 15:09:52.745824
single aggravating movie ive seen 10 year spectacularly terrible,2026-01-18 15:09:52.745827
fuck hunk shit? first one great.,2026-01-18 15:09:52.745829
skipping movie much watched like 30 min it. wtf ending. john anvenger now? also he dying saw child die. thats it. ever see one child die. no. foreshadowed end 1.,2026-01-18 15:09:52.745832
look like phil modern family lol,2026-01-18 15:09:52.745835
"movie isnt good first one, but still decent. however, worst trend history cinema college kid joke every single thing happens glad trend pretty much over. no one, history, ever talked like that.",2026-01-18 15:09:52.745838
veteran actor kid seem acting first time life. kid acting literally painful,2026-01-18 15:09:52.745840
5120 begin talking god head say son god literally next word say im not saying he son god cant mistaken signs. relationship god amazingly awesome. love,2026-01-18 15:09:52.745843
cant wait another one 2027.,2026-01-18 15:09:52.745846
"was..... disappointing say least, not expecting sequel all... writing first movie absent",2026-01-18 15:09:52.745849
"well, movie took unexpectedly dark twist.",2026-01-18 15:09:52.745852
"yeah nah, saw first one accident 611 done already",2026-01-18 15:09:52.745855
remember john said met guy like past said would keep touch...he said thought saw but missed him. next part provide closure but ride end worth it!!!,2026-01-18 15:09:52.745859
movie much worse... unlucky,2026-01-18 15:09:52.745862
butcher first one..,2026-01-18 15:09:52.745865
construction dialogue first movie smart. thoughtful answer followed logically derived questions. second movie scenario amateur acting little thought development. hard pass. admitted waste time. nap would valuable.,2026-01-18 15:09:52.745868
"pathetic. man purportedly life 14000 years, yet whole life reduced one middle eastern fairytale not 2000 year old, probably got written middle age anyway. pathetic. whole scope humanity reduced one fiction.",2026-01-18 15:09:52.745871
ad make unwatchable,2026-01-18 15:09:52.745874
po sequel.,2026-01-18 15:09:52.745876
khatra aise hi young aur rafical maa bap se hai fesh ko,2026-01-18 15:09:52.745879
"actually like it. not bad like comment says. worrying young actors, but good characters, auch shame isnt part3 end story line end part2.",2026-01-18 15:09:52.745882
"wish sequel actor david lee smith , tv series. knew movie late. but impossible cause dlsmith would old continue story line here. director lucky actually find actor actually almost didnt age 10years.",2026-01-18 15:09:52.745885
strange ending. seems though better ending would visit harrys dad. not credit scene like something marvel movie.,2026-01-18 15:09:52.745888
"watching first movie, kept engaged entire duration it. even though didnt action, anything besides people room. one however, annoying watch. kid brain capacity squirrels. discussion brainrotted. conclusion stupid. atleast one student shouldve brought scientific approach but non did. not even good acting yo",2026-01-18 15:09:52.745891
garbage acc shat first movie this.,2026-01-18 15:09:52.745894
first one good enough. one bad cinema.,2026-01-18 15:09:52.745897
agree blonde fbi agent end christian kid tried kill ? checked hair line same.,2026-01-18 15:09:52.745901
"hit pause blink watching first one, fast forward second 2x speed",2026-01-18 15:09:52.745904
"people pissy sequel? people whining attitude boomer critizing star war prequels. let nostalgia cloud critical thinking. story change evolve time, experience never replicated again, time is!! chaos change! different story! appreciate stop getting mad want watch thing over. human uncomfortable change want control can, order prevent suffering. still keep spirit theme alive. shame didnt funding keep going make grandiose story implying going be.",2026-01-18 15:09:52.745906
"1 ,2 .. .",2026-01-18 15:09:52.745909
"first movie genius script thought provoking , second pissed first , third highlander mlvie !? j hope not",2026-01-18 15:09:52.745912
"could made way better , movie kinda suck .... big time , dude survived 14 k cook rent girl ? nah sci fi definitely",2026-01-18 15:09:52.745914
2100 cooking girlfriend instead going drink mate beginning end,2026-01-18 15:09:52.745917
13050 look younger guy who supposed live forever,2026-01-18 15:09:52.745920
probably dumbest part 2 ive ever seen....... come guy really? literal gold mine hands.,2026-01-18 15:09:52.745923
brutto film il seguito,2026-01-18 15:09:52.745926
whole fcked masterpiece,2026-01-18 15:09:52.745928
"jiji, still watch. feling bit old guess hehe, hug frae scotland alexander john murray",2026-01-18 15:09:52.745931
"watched man earth holocene back back. first movie masterpiece praise give less, sequel even doesnt reached beauty original felt like story going correct direction showing consequence telling secret other, making connection different life lives. story premise movie extremely rich execution first commendable sequel fell felt face. like philosophical movie one must watch, future sequel, movie but premise get diluted genres. personally, would love see prequel john immortal meet would great, john aspect philosophical nature human instinctive human based end credit",2026-01-18 15:09:52.745933
"trash. bad writing regurgitating previously done concept worse version. 1st one okay ... make masterpiece wasnt, nice concept wrapped bunch drivel saved end son died.",2026-01-18 15:09:52.745936
"best sequel could plot professor oldman meet person mentioned part 1 similar like thousand year old saw train station but lost crowd. imagine discussing sharing length information regarding history, religion, cults, extra terrestrial contact ancient tribes, invention time travel machine nazi time, secret experiment different country not. once, imagine guy played none keanu reaves. end, keanu reaves say per knowledge, total 5 people including even older two somewhere world. story would ended embark journey find remaining 3 people. immature cringe acting kid extent spoilt whole seriousness movie.",2026-01-18 15:09:52.745939
"dog sht desecration jerome bixbys ouevre sequel supposed be. shame successor led memorialize nonsense was. no structure, weird segues, half baked jab introspective question original screenplay raised. please go familiarize legacy work jerome bixby.",2026-01-18 15:09:52.745941
imo man earth spinoff comic book,2026-01-18 15:09:52.745944
pitiful.,2026-01-18 15:09:52.745946
1,2026-01-18 15:09:52.745949
"comment section interesting, say least. not interesting see people mind go back inside box soon subject require take path thanking, exploration questioning, frightened destroy paradise created themselves, risking everything way, sacrificing important quest life get truth.",2026-01-18 15:09:52.745952
"kid terrible people, self righteous religious zealots. always wary someone need supreme creator universe tell decent human being.",2026-01-18 15:09:52.745955
"unbelievable. youve club cab pickup, dont go back regular cab.",2026-01-18 15:09:52.745959
really couldve better. but first one great.,2026-01-18 15:09:52.745962
stupid christian boy going hell wonder believer like whole faith made,2026-01-18 15:09:52.745965
think guy end immortal met but he serial killer im assuming something,2026-01-18 15:09:52.745968
horrible... but watched guess creator got watch time,2026-01-18 15:09:52.745971
"best film hadnt saw, now. great sequence underrated. come 2027",2026-01-18 15:09:52.745974
thr second movie deems like parody sequel 1st part lol needed screentime john not bunch whinng little kid,2026-01-18 15:09:52.745977
n tem legendado???,2026-01-18 15:09:52.745980
whole movie could john tied chair interrogated student would better close first one style,2026-01-18 15:09:52.745982
could cain but forgot,2026-01-18 15:09:52.745985
im willing bet one girl didnt help spread word thing probably coulda convinced talk but said like crapnits happening yet another crusade,2026-01-18 15:09:52.745988
"first movie genius, pure gold, maybe jerome bixby cromagnon century hone writing skill emerson regular human chef dentist.",2026-01-18 15:09:52.745992
"like first movie one best movie ive ever seen, one worst movie ive ever seen. bad writing, bad acting, entirely losing plot first movie, overall backtracking thing made first movie great. movie like shawshank redemption made sequel andy go become murderer escaping sentenced receive death penalty, basically destroying everything built first movie. literally jaw floor dawned movie ended poorly written nonsensical manner. 110",2026-01-18 15:09:52.745995
last stupid but need part three,2026-01-18 15:09:52.745998
would suck live 14k years. imagine witnessing horror mankind. death ultimate reset life.,2026-01-18 15:09:52.746001
let ending.but anything possible eh.,2026-01-18 15:09:52.746005
fck,2026-01-18 15:09:52.746007
"took science fiction concept john character made bullshit straight vod flick. imovie as transitions, worst camera work youve ever seen life. sound design deaf person. camera work blind person. wow!! love movie shitty much tho",2026-01-18 15:09:52.746010
omg comedically bad,2026-01-18 15:09:52.746013
got hyped hearing sequel. 2min completely garbage but thisll good movie watch shit friend,2026-01-18 15:09:52.746016
"first movie 1010, second movie one 210",2026-01-18 15:09:52.746018
look like he going case xfiles now!,2026-01-18 15:09:52.746021
thats thats ends? dumbass sequel,2026-01-18 15:09:52.746024
waste...,2026-01-18 15:09:52.746026
student reenforced dislike teenager young adult,2026-01-18 15:09:52.746029
"11.11.2024 sadly, screenwriter go ending suggests young caucasian christian college student grows become j.edgar hoover gman serial killer rage not finding real jesus christ. waanhwaanh.. original better didnt try solve mystery.",2026-01-18 15:09:52.746032
ruining ? anyway... cant wait watch 3rd part 2027,2026-01-18 15:09:52.746034
dont read comment watch it. pretty good.,2026-01-18 15:09:52.746037
altsimo mierdon,2026-01-18 15:09:52.746039
2027 please.,2026-01-18 15:09:52.746042
"not good original, but worth watch companion piece. made tv series pilot initially, thats bit structured differently. original 9 10 me, 7 but seen original . standalone really isnt , id rate little lower 6.",2026-01-18 15:09:52.746045
id love see third movie,2026-01-18 15:09:52.746047
still looked good age hate still like movie hoping part 3,2026-01-18 15:09:52.746050
men black end other???,2026-01-18 15:09:52.746053
"gusto mucho, e una buena secuela, ojal hagan la tercera",2026-01-18 15:09:52.746056
"first movie, john mentioned someone immortal like him. maybe guy serial killer mentioned part.",2026-01-18 15:09:52.746060
part3????,2026-01-18 15:09:52.746063
nothing like first part,2026-01-18 15:09:52.746066
"reading comments, im not going waste time watching it.",2026-01-18 15:09:52.746068
didnt like ending all. didnt give kind closure anything anyone...,2026-01-18 15:09:52.746071
lol comment likedislikeratio dont match,2026-01-18 15:09:52.746074
gonna leave cliff hanger like,2026-01-18 15:09:52.746077
,2026-01-18 15:09:52.746080
"4556. picked plastic way back mountains.. good message, fit story kind man was.. caring people .. caring earth... made real. kudos writers.",2026-01-18 15:09:52.746083
way ended pissed,2026-01-18 15:09:52.746086
en franais svp,2026-01-18 15:09:52.746089
shame mixed disappointed,2026-01-18 15:09:52.746092
mind blowing sense,2026-01-18 15:09:52.746096
think...the actor mature good actor ! not noobs . spoiled whole mood first part got !,2026-01-18 15:09:52.746099
"fuk, disappointed",2026-01-18 15:09:52.746102
"please dont watch this, not worth expectation. literal waste watching part1",2026-01-18 15:09:52.746105
first movie really good. but b class crap,2026-01-18 15:09:52.746108
become follower good but blind follower bullshit. religion doesnt make blind priest that.,2026-01-18 15:09:52.746111
isbthere third one?,2026-01-18 15:09:52.746113
isnt funny hollywood producing movie advertisement like last 60 years. leave jbirds.,2026-01-18 15:09:52.746116
u notice van gohh last scene john fabricated identy body found 1 year ago doctor,2026-01-18 15:09:52.746118
"first movie entirely shot single room, still hold everyone end, however doesnt even come close that.",2026-01-18 15:09:52.746121
second movie not bad,2026-01-18 15:09:52.746124
"shame, doesnt come close original movie. waste time!! could degrade piece art much original was, putting typical student without logical sense sex heads!!",2026-01-18 15:09:52.746127
"ok, 4 jesus",2026-01-18 15:09:52.746129
"perfect depiction brain damage religion inflicts people, lol.",2026-01-18 15:09:52.746132
first part kept thinking week wen first watched it....such underrated movie true cult masterpiece....,2026-01-18 15:09:52.746135
"please unpublish movie internet , insult part 1",2026-01-18 15:09:52.746137
perdi su esencia no e como la primera parte,2026-01-18 15:09:52.746140
third sequel come 2027.,2026-01-18 15:09:52.746143
excellent thank,2026-01-18 15:09:52.746146
"four student like believer days, care teacher",2026-01-18 15:09:52.746148
"different first one, but not worst movie ive watched. felt like ended way abruptly tho",2026-01-18 15:09:52.746151
wife person left end movie?,2026-01-18 15:09:52.746154
"damn, bad movie",2026-01-18 15:09:52.746157
"see lot people comment talking not good first, but point think well enough everyone agree man earth far greatest film ever seen, holocene pretty good movie.",2026-01-18 15:09:52.746161
"comparando com primeiro, na minha opinio perdeu essncia, simplicidade e papo cabea que tinha no primeiro no existe nessa sequencia. ficou em aberto mais esperado uma sequencia, no teve plot igual primeiro. bem fraco, mais foi bom ver uma continuao, poderia ter uma terceira parte.",2026-01-18 15:09:52.746164
"moment drank whiskey gone bad spell go show nothing last forever.. gosh, line alone killed little depth left teenager segment..",2026-01-18 15:09:52.746167
man wtf ending... like... skip something???,2026-01-18 15:09:52.746170
son said year ago didnt want come back would treated again. great example man stupidity.,2026-01-18 15:09:52.746173
lazy writing,2026-01-18 15:09:52.746176
so...... not blasphemous missing something?,2026-01-18 15:09:52.746179
"well, forgave judash. girl joke savage",2026-01-18 15:09:52.746182
"character jesus not indecisive, regretful, unsure path. felt story would much better told author known jesus wrote.",2026-01-18 15:09:52.746184
people believe want believe,2026-01-18 15:09:52.746188
first movie left thinking. second enhances story human being weakness . not thoughtprovoking,2026-01-18 15:09:52.746191
unbearably bad compared 1st part sad say,2026-01-18 15:09:52.746195
master piece man waiting next one 2027,2026-01-18 15:09:52.746198
religious always refuse accept fact believe mythos story made people,2026-01-18 15:09:52.746202
not great movie. really enjoyed first one spite ridiculous premise. but poorly made.,2026-01-18 15:09:52.746205
director not making more. tf cast? kid extremely irritating!,2026-01-18 15:09:52.746208
"make lot sense would captured, regardless modern day. one place speaking next next....every country would curious scared government would go get",2026-01-18 15:09:52.746211
"coming shorts,",2026-01-18 15:09:52.746213
made damn sequel???,2026-01-18 15:09:52.746216
"enjoyed one, not good first but still enjoyable",2026-01-18 15:09:52.746228
"devil, lollardyism misguided human blasphemy bad pornographic meet lifetime movie soundtrack dulled threnody pleasant, albeit bloated, minutes. thanks.",2026-01-18 15:09:52.746231
dumb kids...thats birth control needed,2026-01-18 15:09:52.746233
philip edith nut,2026-01-18 15:09:52.746236
compared first one terrible god,2026-01-18 15:09:52.746239
nail fact jesus returned wouldnt know wether laugh cry.,2026-01-18 15:09:52.746242
"dont understand student didnt send professor 2 original photos. one partially obscured full side profile. would easily recognisable, especially someone met real life friend him.",2026-01-18 15:09:52.746244
decent sequel like mainstream cinema storytelling but nothing like masterpiece 1st one was....,2026-01-18 15:09:52.746247
thing going smooth. tara designed destined idiot,2026-01-18 15:09:52.746250
"seen man too, africa. 2 year ago, started talking budha stuff.",2026-01-18 15:09:52.746253
seen first movie genuinely changed way live thinking time not time left little but choose hell point movie man lived 14000 year ago thats it?,2026-01-18 15:09:52.746256
well 3 year gona third film,2026-01-18 15:09:52.746260
mean leave guy alone,2026-01-18 15:09:52.746263
yea ok movie sucks. movie already dont great plot but take charm original make mystery thriller bs???,2026-01-18 15:09:52.746266
"first part well done, hard another, but okay one show deal change identity.",2026-01-18 15:09:52.746269
anyone explain ever religious person encounter movie turn lunatic,2026-01-18 15:09:52.746271
3 year next installment,2026-01-18 15:09:52.746274
worf dont look,2026-01-18 15:09:52.746278
movie bad compared first movie. sadly,2026-01-18 15:09:52.746280
....and would gotten away wasnt meddling kids! lmfao,2026-01-18 15:09:52.746283
"125 stupid side note live chico,ca thats 100 not chico history museum.",2026-01-18 15:09:52.746286
movie absolute disaster compared first one really high hope watching first but man miss mark one,2026-01-18 15:09:52.746289
think he wondering jew not jesus make sense not heal fast anymore probably mean second coming christ getting closer,2026-01-18 15:09:52.746292
well nobody said but might well say anyone like long life im happy maybe end meet good luck,2026-01-18 15:09:52.746295
"wth kinda ending that.... stupid religious kid go crazy stab him, end cave six week later?",2026-01-18 15:09:52.746298
"12325 messiah, messiah! monty python life brian reference movie, prequel watched life brian between. think somebody production star trek fan. picked dr phlox john billingsley immediately, but not worf michael dorn credits.",2026-01-18 15:09:52.746302
anyone notice painting?,2026-01-18 15:09:52.746305
sorry didnt even last 10 mintes... person directedmade slaughterd idea first movie. go beyond bad.,2026-01-18 15:09:52.746308
loved first one covered journey history. told lifetime experiences. one focused one life jesus. ok movie but would impossible eclipse original,2026-01-18 15:09:52.746310
"someone tell there review film talk entirely different story? story john outed public, apparently witnessed student suicide decided walk ocean end? would genuinely like know whether crazy different version, author review article high something",2026-01-18 15:09:52.746313
good sequel but could used star trek actor,2026-01-18 15:09:52.746316
movie pretty good. first one absolutely excellent,2026-01-18 15:09:52.746318
personally first muvie way much better watch second part thinking going meet fellow teacher believed end look much older theme,2026-01-18 15:09:52.746321
5550 hot,2026-01-18 15:09:52.746324
not gripping first one 2007,2026-01-18 15:09:52.746328
"dang , disappointing sequel . insipid . sound track suck .",2026-01-18 15:09:52.746331
as comparred first part,2026-01-18 15:09:52.746334
even part 3 this?,2026-01-18 15:09:52.746336
actor played john good job still overall movie wasnt focused around enough felt like soap opera,2026-01-18 15:09:52.746339
14000 year much living 2000 year would great.,2026-01-18 15:09:52.746342
dogshit movie,2026-01-18 15:09:52.746345
hate,2026-01-18 15:09:52.746347
3 year another sequel!!!!! im still healthy,2026-01-18 15:09:52.746350
sequel simply highlander movie,2026-01-18 15:09:52.746353
one bit weak student find out. john able erase id leaf but let jenkins print book not know it?,2026-01-18 15:09:52.746356
"movie disappointment. not watch it, liked first one.",2026-01-18 15:09:52.746360
know not like part 1 .. but sad reality gen z.. frustrate see 4 gen z. but waht is... love john oldman..... inspired write something,2026-01-18 15:09:52.746363
there part2??? cant wait watch,2026-01-18 15:09:52.746366
college student say respect safe use proceeds tase tie up.,2026-01-18 15:09:52.746369
"sequel nobody asked for, movie nobody wanted",2026-01-18 15:09:52.746373
"they, whoever are, turned wonderful philosophical movie escape witch mountain movie.",2026-01-18 15:09:52.746376
2nd movie made money sex coould set cuz sexualize stuff sum reason amr,2026-01-18 15:09:52.746379
pourquoi c pa en franais???? domage,2026-01-18 15:09:52.746381
professor shaman realy thought wouldve name based 2007 movie got big name sequal see man yhey leave cliffhanger lile gonna make third oooo keep going tk introduce existence people tk populace doc lab somewhere not dad hospital cause doc old cant beleave dad alive,2026-01-18 15:09:52.746384
think guy mentioned post credit could man john thought like last saw train station,2026-01-18 15:09:52.746387
"well, actually every muslim knowns prophet dyed hair beard natural dying plant. called henna.",2026-01-18 15:09:52.746391
well movie total shit nothing compared first wish never watched,2026-01-18 15:09:52.746394
thanks warnings. wont watch it. guessed would diappointment.. first scene usual banal self absorbed american teenager .,2026-01-18 15:09:52.746397
"kid stab him, next scene he cave 6 week later wtf ? first movie awesome one ok missing scene pissed off.",2026-01-18 15:09:52.746401
"no no no noooo hell !! sequel not necessary , stupid....what wanna smart, rich fakely smart idiot thought could turn something else... dont need watch crap.",2026-01-18 15:09:52.746404
"student painful watch. feel like people behind sequel didnt quite understand magic first movie. but since damage already done, would watch 3rd installment anyway. left quite cliffhanger end.",2026-01-18 15:09:52.746408
internet never existed john oldman would never found,2026-01-18 15:09:52.746410
bad history,2026-01-18 15:09:52.746413
"hope third one better second one, first one good enough thinking second film suppose litlle bit better that, respect actor not talking than.",2026-01-18 15:09:52.746416
grt movie,2026-01-18 15:09:52.746418
"great movies. course, rightist wont like shake faith fundamental leftist wont like give oriental philosophy inconvenient edge.",2026-01-18 15:09:52.746422
2.4.24 please ! excellent story especially assemble reset next one.,2026-01-18 15:09:52.746424
would loved second one meeting man immortal trying prove story eatch other.,2026-01-18 15:09:52.746427
"actually highlander, one",2026-01-18 15:09:52.746430
wont survive china facial recognition digital id,2026-01-18 15:09:52.746433
ruin first part,2026-01-18 15:09:52.746435
first one little masterpiece good movie,2026-01-18 15:09:52.746438
"think last man fbi second man john described first part, guy similar him.",2026-01-18 15:09:52.746441
well wow loved movie hype release course no doubt straight video bin encase mass find fab,2026-01-18 15:09:52.746443
"thats ending lol. hurting kids, potential serial killer theory. dumb.",2026-01-18 15:09:52.746446
first movie masterpiece but sequel unfortunately not great,2026-01-18 15:09:52.746449
"bullshit,",2026-01-18 15:09:52.746451
"better end first part, guys. dont watch failure.",2026-01-18 15:09:52.746454
worf????????,2026-01-18 15:09:52.746459
"would immortal stay radar digital age? concept, intrigue me. amount fake paper license need get every 10 years. get discovered bunch kid dont mystery machine dog. understand u big country california large state, chance john running someone knew past slim none, but going santa clarita chico 6 hour drive, least cross state line start again.",2026-01-18 15:09:52.746462
waiting trilogi,2026-01-18 15:09:52.746465
wonder there plan 3rd movie 2027?,2026-01-18 15:09:52.746468
though not good first. think illustrates jesus would return not. mean actually looking it. chance jesus bible wouldnt correct hed preach peace love want make heaven here. modern day christianity couldnt accept that.,2026-01-18 15:09:52.746471
movie left flatter wanted.,2026-01-18 15:09:52.746474
first one definitely better. dont need kid b added movie. cheapens it.,2026-01-18 15:09:52.746478
tara hate club assemble,2026-01-18 15:09:52.746481
storytelling much progressive captivating first part.,2026-01-18 15:09:52.746483
wanna unsee shit,2026-01-18 15:09:52.746486
would rather not watch part,2026-01-18 15:09:52.746489
truth always hurt,2026-01-18 15:09:52.746492
timing different,2026-01-18 15:09:52.746495
im sorry but college kid really pissed lol,2026-01-18 15:09:52.746498
no need make sequel.,2026-01-18 15:09:52.746501
"ha ha ha! typical christian mental gymnastics belief arent threatened. enjoyed first one more, still liked one. tend enjoy if? moviesshows, alternate history.",2026-01-18 15:09:52.746504
dont know but 2 movie fav ...something possibility real scenario . great movies. always hoping second one found lol.,2026-01-18 15:09:52.746507
"1041 thought would rest movie shot 1 place like first, case university lecture, young diverse audience show generational cultural difference show perception thing changed 1997, like prevalent atheism, debate go there. used google every 5 second watching first movie, but used twice. wasted opportunity.",2026-01-18 15:09:52.746510
"ive rewatched 1st movie countless time but putting watching one due reviews, always making wrong decision life guess time ruin image great movie watching garbage",2026-01-18 15:09:52.746513
"hate critical, but dont bother.",2026-01-18 15:09:52.746515
christian shouldnt say bullshit,2026-01-18 15:09:52.746518
audio muffled films? boosted treble backed bass still muffle city.,2026-01-18 15:09:52.746521
"fbi agent immortal john spoke first movie. appears serial killer, perhaps name jack.",2026-01-18 15:09:52.746524
"would much interested watch movie coming back contact immortal met less opposite john, selfdestructive hedonist us knowledge immortality personal gain watch debate way live state humanity.",2026-01-18 15:09:52.746526
"well,they fucked woke diversity shit climate change hoax.if could unsee would.",2026-01-18 15:09:52.746529
"1st movie hit sky... dont make sequel, not gonna touch first one..",2026-01-18 15:09:52.746532
"people act like lifetime exciting last. experience different. try recreate one still differences. age people geography religious beliefs, even government bodies. earth school. learn lesson pas test. repeat grade. people spend majority life single lesson. one let go attachmentbaggage, evolve.",2026-01-18 15:09:52.746535
"ah god! young actor bad character written painfully poorly. know love film see sequel bad feel couldve done much better job writing around similar framework, characters, fact research provided. make possible sequel come close first one little. poorly done. hope wasnt crew everything well. dont even want know would take away love first one. look like college project movie young actor salary college credit scored c. not enough metaphor symbolisms. 2 dimensional characters. unnecessary kitriss show john chickmagnet. youd think writer 14000 year learnt better not break right disappears even need deep long relationship first place... not even 110th gripping sprinkled enigma, knowledge, curiosity, heart philosophy first one.",2026-01-18 15:09:52.746538
lmao tell director turned grumpy old man two movies.,2026-01-18 15:09:52.746540
lo mat al philip por loquito fantico religioso,2026-01-18 15:09:52.746543
"john talked end era, turning human healing like one, grey hair... look profesor talking apparently fbi agent, knew john, picture floor right side.... nice gesture john .",2026-01-18 15:09:52.746546
"good part movie fbi agent end, probably guy john mentioned first movie guy 1600. rest part 2 awful..",2026-01-18 15:09:52.746548
happened sandy?,2026-01-18 15:09:52.746551
3 .,2026-01-18 15:09:52.746554
"think end referencessets plot person john met 2007 film thought like him. third film could man killer. point possible man considers god simply doesnt care. hed similar habit tactic john, he even know based shared conversation. safety could benefit keep tab shadow john life nefarious deeds.",2026-01-18 15:09:52.746557
loved first one. sequel without doubt worst movie ever watched lmao,2026-01-18 15:09:52.746560
"movie good, but another horrible ending",2026-01-18 15:09:52.746564
juat finished first one again. left john end. this? murder her? dun dun dunnn,2026-01-18 15:09:52.746567
im confused john jesus guy. obviously john could lie also living time living different identity throughout could master art lying. phillip missed mind heck,2026-01-18 15:09:52.746570
idea behind kid dialogue terrible. absolutely terrible. first one way better shouldve stopped,2026-01-18 15:09:52.746573
liked it. john girlfriend expressing surprise leaving didnt really gel. 10 year told hed leave hed done dozen time before.,2026-01-18 15:09:52.746576
movie made angry... kid suck much... religious kid bad actor written character...,2026-01-18 15:09:52.746579
student woooooorst actor character ever written... asian hirl.and slut r bad,2026-01-18 15:09:52.746582
movie attack truth. lol,2026-01-18 15:09:52.746585
"broke house it, went little rail",2026-01-18 15:09:52.746588
"think fine sequel used dramatic approach cant imagine way could expand story original matching vibe without feeling rehashed. good exploration topic faith enlightenment. bit light compared original, dont think conflictdriven plot hindered it. but god sake, ending... point not samuel l jackson show ask join avengers? lmao",2026-01-18 15:09:52.746591
"love first bit, think it, man would think become, new generation today even baffled, desensitized manner thing eg porn, gore war, 100 years?",2026-01-18 15:09:52.746594
not great follow but liked watching it. ending seemed uncertain direction. immortal identity changing serial killer nod start trek wolf fold episode.,2026-01-18 15:09:52.746598
kid nosy?,2026-01-18 15:09:52.746602
movie trash compared first,2026-01-18 15:09:52.746605
"okay, not great part 1. anyone else notice two star trek klingon actor films. warf.",2026-01-18 15:09:52.746608
come many star trek actor this???,2026-01-18 15:09:52.746611
"anyone didnt like wasnt like original. check sunset limited sam jackson agent k. two guy talking life morality, suicide. good!",2026-01-18 15:09:52.746614
"man earth 2. loved it! hooked way through. spoiler also, understanding mother earth. doesnt remember formative years, couldve millions. earth start dying modern pollution, he. first movie didnt care whether believed him. wondered was. clearly wasnt human, though fbi guy gave lucifer vibes. hope get another 10 year",2026-01-18 15:09:52.746617
"story man earth 1,,, hope thats reality",2026-01-18 15:09:52.746620
film dogshit,2026-01-18 15:09:52.746622
709 know mohammed married 6 year old girl consumated marriage 9. 50.,2026-01-18 15:09:52.746625
happened phillip,2026-01-18 15:09:52.746628
,2026-01-18 15:09:52.746631
"11520 scene closest first movie. discussion someone absolute awe despite knowing entire faith crumbling every word person utters. john oldman, first movie tied chair. way philip kneel eye wide open succumbing 14,000 year old man. everything scene crap.",2026-01-18 15:09:52.746633
ever example ruin masterpiece.,2026-01-18 15:09:52.746636
dont understand fbi agent thing confusing anyone.john mentioned met immortal part 1.,2026-01-18 15:09:52.746638
"christgod follower shooting person couldve jesus, not faith guided him, but disprove man could directly prof christgod follower worship death, death possible resurrection teaching becomes relevant, become real truth. bad nuestra seora de la santa muerte guise love fellow man, truth is, love death soul reunited precious christgod.",2026-01-18 15:09:52.746641
"man born caveman, thrall pure survivalism, immortal. man chose path peace love hundred not thousand year initial discovery immortality, could ruin faith? unless, youre admit entirety christgod faith worships, relies upon solely death apex faith, wouldnt ruin anything. believe rise again, live without birth, though...? could jesus live again, without birth, jesus dead? christgod worshipper worship death, sole root faith. one many reason ive rejected it. many good teachings, but focus end human life quite terrifying tbh.",2026-01-18 15:09:52.746644
,2026-01-18 15:09:52.746647
"wtf girl tryng fck john oldman stupid, look like someone writed prn version man earth",2026-01-18 15:09:52.746649
"thing first movie every character reacted like rational person would, disbelief but still doubt roaming head, feel like not case here. since made age, rational person would come conclusion since ive seen grow old discredit every came made. pull away immersion fact none intelectual academic analizes this. make harder believe unlike first one.",2026-01-18 15:09:52.746652
remember guy part 1 film john said met guy like around 1600s but didnt believe time but 200 year later saw train station never seen him. think end scene fbi agent guy. met 17th century. let know theory.,2026-01-18 15:09:52.746655
yeah.... thats right.... silent.... still.... leave no footprint.. keep no attachments... but keep head down...,2026-01-18 15:09:52.746658
"ready 3th work film like serie. great actor, longo make caracter again!",2026-01-18 15:09:52.746661
"movie disgrace original, awful disgusted even watched this.",2026-01-18 15:09:52.746665
annoying bunch students! guess people unusual story wisdom tied chair persecuted.,2026-01-18 15:09:52.746668
"halfway movie think crazy trying expose somebody thats alive 14,000 years. like bro obviously trying not identified,",2026-01-18 15:09:52.746671
"108 knew it, writer going make christian fucking lunatic ....................",2026-01-18 15:09:52.746674
italian language dubbing ?,2026-01-18 15:09:52.746677
,2026-01-18 15:09:52.746680
think sequel hinted immortal john said met past taught think immortal fbi agent serial killer checking see anyone suspect anything john immortal move around creates fake identity like john except he serial killer mirror biblical symbolism cain abel hence focused jesus much left open another sequel philip thought john died like ppl long ago john said thought jesus strung threw tomb resurrected think fbi agent killed philip john resurrected sort cave tomb,2026-01-18 15:09:52.746682
art serial killer,2026-01-18 15:09:52.746685
"hi, thanks posting",2026-01-18 15:09:52.746688
guess think immoral maybe alexander great attila hun third opinion julius caesar.,2026-01-18 15:09:52.746691
movie not bad but not good original one!!!,2026-01-18 15:09:52.746694
like sad jim carrey,2026-01-18 15:09:52.746697
"first movie,even though one room, idk but thought amazing brilliantly written. one, started slowly, picked little, got good, abruptly ended stupid place actually annoyed lol. really good ending resolution, could good, but personally im really disappointed wirh ending",2026-01-18 15:09:52.746701
good film made corona....,2026-01-18 15:09:52.746704
angela carsetti? he angel? mysterious man john met 1600s?,2026-01-18 15:09:52.746707
dont know ppl dont like part. obviously not like 1st part but dont be.,2026-01-18 15:09:52.746710
10,2026-01-18 15:09:52.746712
hope make third sequel 2027,2026-01-18 15:09:52.746715
"now, imagine storyline different. chase wilderness confront history but john realizes cant let expose him, start hunting them, rambo style, but old teacher friend help saying take here, go... go delete record existing, everywhere, that, vanishes, like kayser soze, never seen again.",2026-01-18 15:09:52.746717
"would rather not watch part, knew going like this, stuff happening movie happens weird way, differently first part, completely masterpiece",2026-01-18 15:09:52.746720
love idea someone still living normal healthy life born cromagnun period. best example human species.,2026-01-18 15:09:52.746723
moral story invest early dont tell yourself.,2026-01-18 15:09:52.746726
"kid need put jail 14000 years. kidnapping, assualt, stalking, attempted manslaughter.",2026-01-18 15:09:52.746729
man young boy really ruin mood,2026-01-18 15:09:52.746731
movie doesnt magic first part!,2026-01-18 15:09:52.746734
"......uuuuh, dont know guys... 4 minute dont think watch this...",2026-01-18 15:09:52.746737
part 2 fail,2026-01-18 15:09:52.746740
four year tye next movie! please dooo,2026-01-18 15:09:52.746743
"im honest student character sequel didnt like, think u agree even though found john true student no right go digging john past personal life none business, but thanks classic human curiosity someone like john sadly never live peace sequel prof people find youve lived thousand year think key solving not religious mystery but humanity greatest mysteries. anyway student no one blame but john wanting leave, wanted stay badly shouldve left alone pretended didnt know really was. mean know student thinking shouldnt confront john really but still.",2026-01-18 15:09:52.746745
harry?,2026-01-18 15:09:52.746748
guy came end?,2026-01-18 15:09:52.746751
"offer head right start, haaaaaaaaaa! xd",2026-01-18 15:09:52.746753
"make it? total opposite firsts. enjoyed every second first, maturity story telling. one look like b grade kid movie. waiting something happen, but didnt. skipped almost 60.",2026-01-18 15:09:52.746756
crap been.,2026-01-18 15:09:52.746760
cant wait part 3,2026-01-18 15:09:52.746764
"kid one bunch creepy, stalker psychos. actual egocentric sadists. stalk him, take picture he sleeping, kidnap him, stab him, tase him, sexually assault him, break home, spread personal information, manipulate people. none show sign remorse regret. oblivious evil action are. confronted talk life career ruined.",2026-01-18 15:09:52.746767
jesus jesus christ superstar cuz bogeyed aint,2026-01-18 15:09:52.746770
horseshit,2026-01-18 15:09:52.746773
rationalization sharp edge blasphemy,2026-01-18 15:09:52.746776
wish didnt waste time watching sequel. could stoped first one.,2026-01-18 15:09:52.746780
"wasnt good all. storyline went sideways, teen actor sucked, no flow originality first film. total fail. complete failure storyline editing.",2026-01-18 15:09:52.746782
fbi guy definitelly imortal. no doubts.,2026-01-18 15:09:52.746785
type kid id beat,2026-01-18 15:09:52.746788
wish spend like least 15 minute bush craft. must mastered ton crafting techniques. much resource youtube used reference.,2026-01-18 15:09:52.746791
quel film ! jespre quil aura une suite !,2026-01-18 15:09:52.746795
4 student movie dumbest people ive seen. dumber people religious fanatic especially islamists.,2026-01-18 15:09:52.746798
last scene imagine fbi agent immortal john talked first movie theory though,2026-01-18 15:09:52.746801
cant leave good movie alone,2026-01-18 15:09:52.746804
man literally crying....do wait 2027 part 3 never coming,2026-01-18 15:09:52.746807
"watch second part??? believe first part complete story, part unknown made beautiful maybe part two might ruin part one well. let know watched.",2026-01-18 15:09:52.746810
prequel highlander!!!?,2026-01-18 15:09:52.746813
"feel like made tv christian movie, lol. alright",2026-01-18 15:09:52.746815
crente foda.,2026-01-18 15:09:52.746818
john young formerly known john oldman also known godemperor mankind,2026-01-18 15:09:52.746821
liked eveything movie except fort making chirstian bad guy truly pissed,2026-01-18 15:09:52.746824
"would cool part 3, didnt like ending much part 2.",2026-01-18 15:09:52.746826
4 year boy gals..,2026-01-18 15:09:52.746829
anyone else notice van gogh art house post credit scene?,2026-01-18 15:09:52.746832
"not good first one. ive seen better acting porn, better story line wwe hear piano movie 45 minute ill go insane.",2026-01-18 15:09:52.746834
see 2027,2026-01-18 15:09:52.746837
happened girl went end first movie shes gone???,2026-01-18 15:09:52.746840
hoping would prequel showing story time,2026-01-18 15:09:52.746842
"understand ad in, but every 5 min ad 3x volume movie. wtf!?!",2026-01-18 15:09:52.746845
"mehhhh. writing could better. dialogue nearly unbelievable. couldve workshop lot longer. rest ok, not stellar",2026-01-18 15:09:52.746848
also good but first one way better,2026-01-18 15:09:52.746850
absolutely garbage follow,2026-01-18 15:09:52.746853
next part 2027,2026-01-18 15:09:52.746856
midroll scene dumb hell. movie doesnt even hold candle first film. yes distinction.,2026-01-18 15:09:52.746859
"first part end positive note, second part end like john actually immortal devil slowly shaking people belief jesus christ completely negative way end picture. ending positive, sad, reality, fantasy, hope, etc. but ending bad back square one.",2026-01-18 15:09:52.746862
part 3?!,2026-01-18 15:09:52.746865
"disappointed season, not expand theorizes, insight past live. not show contention student view classroom, but, attempted student hold hostage nothing akin first season episode. flat. sequel uplift second season. rate second season holocene 95.",2026-01-18 15:09:52.746868
"pretty good sequel. yes, not awesome first one but still decent..",2026-01-18 15:09:52.746871
fbi guy immortal guy talked first movie,2026-01-18 15:09:52.746874
less four year sequel.,2026-01-18 15:09:52.746877
people made one first one.,2026-01-18 15:09:52.746880
"im glad see story bit fleshed out, but could lot better was.",2026-01-18 15:09:52.746883
disney kid actor suck ball movie. shitty acting,2026-01-18 15:09:52.746885
